"","Firm_id","Firm","Year","Firm_value","Count","Green_inn","Location","Age","Sales","Sales_growth","Total_assets","Total_debt","Leverage","Tshare_equity","ROA","ROE","Size"
"1","ACTI-SE","ACTI",2006,13.053172,2551,7.8446,"SE",8,7169.958184,625.076477,51243.958835,39756.316013,77.582445,6688.962324,-27.018291,-117.3663,10.8443530136624
"2","ACTI-SE","ACTI",2007,38.723792,2637,7.8778,"SE",9,1305.640729,-81.800507,51806.216051,27106.131787,52.322161,20061.331314,-43.640757,-166.222272,10.8552654220326
"3","ACTI-SE","ACTI",2008,34.593655,2624,7.8728,"SE",10,5539.767092,342.626465,43024.817021,23505.049545,54.631376,14883.856815,-37.732469,-102.829152,10.6695323682177
"4","ACTI-SE","ACTI",2009,37.841877,2878,7.9652,"SE",11,1012.904887,-79.848846,48661.210898,24938.751006,51.249754,18414.315574,-46.112084,-127.168979,10.7926375009025
"5","ACTI-SE","ACTI",2010,36.127968,3418,8.1371,"SE",12,1191.071065,5.421463,55781.443059,27659.377587,49.585267,20152.701831,-44.142681,-119.365873,10.9291965313918
"6","ACTI-SE","ACTI",2011,58.471828,3544,8.1733,"SE",13,25979.684921,1965.806641,96471.06492,27284.003314,28.282059,56408.395276,-13.887961,-27.656388,11.4769983969759
"7","ACTI-SE","ACTI",2012,48.787132,3994,8.2928,"SE",14,26191.417782,-2.849616,81235.21996,27576.184484,33.946094,39632.334006,-22.506306,-41.575802,11.3051041754601
"8","ACTI-SE","ACTI",2013,52.80116,4354,8.3791,"SE",15,13407.835586,-49.115433,86757.647327,26095.41833,30.078522,45809.043888,-28.962735,-56.910707,11.3708738475492
"9","ACTI-SE","ACTI",2014,56.096163,4620,8.4384,"SE",16,1141.91522,-91.033028,76274.942322,24231.746437,31.768948,42787.316299,-31.068618,-57.112901,11.2420997533997
"10","ACTI-SE","ACTI",2015,40.184007,4431,8.3966,"SE",17,1739.652703,56.505432,49075.355765,24323.879496,49.564347,19720.44428,-33.026895,-66.061795,10.8011122685325
"11","ACTI-SE","ACTI",2016,44.215562,4550,8.4231,"SE",18,2010.553711,17.001535,43088.683681,22571.321415,52.383409,19051.90348,-13.819544,-32.814367,10.6710156820115
"12","ACTI-SE","ACTI",2017,25.567372,4782,8.4728,"SE",19,540.289664,-72.660439,30901.840846,21401.711369,69.257076,7900.788615,-30.359933,-83.612315,10.3385710354156
"13","ACTI-SE","ACTI",2018,29.069441,4909,8.499,"SE",20,1953.393509,285.151733,29840.264643,20162.807648,67.569131,8674.398015,-12.166059,-44.540799,10.3036139230116
"14","ACTI-SE","ACTI",2019,80.328285,5182,8.5531,"SE",21,795.664455,-57.982147,6371.851465,309.580202,4.85856,5118.39901,-18.480447,-48.175698,8.75964536018072
"15","ADXN-CH","ADXN",2006,91.210491,8,2.1972,"CH",4,3012.914138,-21.23982,28795.607661,78.631969,0.273069,26264.615222,-54.387842,-63.160343,10.2679781427221
"16","ADXN-CH","ADXN",2008,89.921663,9,2.3026,"CH",6,16921.239646,5405.310059,89440.91274,0,0,80426.756301,-15.666377,-17.033052,11.4013334933905
"17","ADXN-CH","ADXN",2009,87.609147,19,2.9957,"CH",7,2710.088651,-84.73983,59705.347166,0,0,52307.345312,-38.656191,-43.436581,10.9971768626395
"18","ADXN-CH","ADXN",2010,68.138616,12,2.5649,"CH",8,1432.261553,-51.714096,59405.383037,11034.451307,18.574834,40478.005926,-41.323874,-52.490104,10.9921401247632
"19","ADXN-CH","ADXN",2011,77.576798,39,3.6889,"CH",9,2289.919828,42.940163,35930.532869,0,0,27873.756945,-52.826214,-73.748535,10.4893427107518
"20","ADXN-CH","ADXN",2012,74.949956,34,3.5553,"CH",10,0,-100,18011.050157,0,0,13499.274092,-82.687365,-107.801823,9.79874074613136
"21","ADXN-CH","ADXN",2018,92.956862,12,2.5649,"CH",16,5805.307424,1240.818848,37459.570682,0,0,34821.241367,-7.265487,-8.10581,10.5310175152277
"22","ADXN-CH","ADXN",2019,77.277637,16,2.8332,"CH",17,2547.595532,-57.723354,30385.983701,506.2178,1.665958,23481.570155,-39.287872,-45.644162,10.3217367186052
"23","AGY-GB","AGY",2006,86.330517,404,6.0039,"GB",2,34422.80354,14.325925,54792.912116,0,0,47303.004541,-18.961884,-23.184178,10.9113161236219
"24","AGY-GB","AGY",2007,35.398043,456,6.1247,"GB",3,38106.031669,9.270736,35064.141159,3210.338052,9.155616,12412.019632,-77.475074,-116.019193,10.4649342678435
"25","AGY-GB","AGY",2011,6.985402,785,6.667,"GB",7,48516.899317,1.968098,33907.291675,16780.350023,49.488913,2368.56069,-8.912549,-88.365145,10.431385363897
"26","AGY-GB","AGY",2012,39.417742,935,6.8416,"GB",8,48903.88504,-0.654601,34301.848083,6395.909196,18.645961,13521.013837,2.8197,12.58506,10.4429545116734
"27","AGY-GB","AGY",2013,38.043778,1077,6.9829,"GB",9,47641.884729,-4.847383,33795.972716,4597.297766,13.603093,12857.264996,1.890053,4.881825,10.4280969239579
"28","AGY-GB","AGY",2014,40.224664,1122,7.0238,"GB",10,50253.170537,6.812801,35464.57452,4621.958951,13.032608,14265.505836,2.583592,6.60369,10.4762895763839
"29","AGY-GB","AGY",2015,67.111232,1185,7.0783,"GB",11,56861.71198,3.03897,72496.35646,2376.975999,3.278752,48653.198162,0.270816,0.47067,11.1912915838558
"30","AGY-GB","AGY",2016,52.898386,1277,7.1531,"GB",12,64776.321445,12.211428,68978.858107,4049.086045,5.870039,36488.702891,-24.054616,-40.350038,11.1415553323816
"31","AGY-GB","AGY",2017,51.895534,1492,7.3085,"GB",13,74601.545886,32.218765,65760.091562,3789.054998,5.761937,34126.550348,-4.312308,-8.230357,11.0937684220953
"32","AGY-GB","AGY",2018,45.150541,1511,7.3212,"GB",14,77121.436831,6.560853,57688.218192,3457.945963,5.994198,26046.542611,-13.852901,-28.426951,10.9628082408665
"33","AGY-GB","AGY",2019,54.831598,1563,7.355,"GB",15,83633.994802,7.858543,76550.872943,2722.424726,3.55636,41974.067273,5.801879,11.443755,11.2457108045871
"34","ALCLS-FR","ALCLS",2006,-5.909465,1,0.6931,"FR",7,1188.478,-79.87307,11130.72,0.595,0.005346,-657.766,-27.741725,-330.676708,9.31746413220423
"35","ALCLS-FR","ALCLS",2007,80.82544,4,1.6094,"FR",8,1448,21.836498,36950,1446,3.913396,29865,-12.429098,-20.460685,10.5173209263763
"36","ALCLS-FR","ALCLS",2008,75.964575,8,2.1972,"FR",9,10600,632.044189,43698,1289,2.949792,33195,0.329828,0.42182,10.685057613446
"37","ALCLS-FR","ALCLS",2009,80.163448,7,2.0794,"FR",10,11951,12.745283,63751,1826,2.864269,51105,-7.169913,-9.13879,11.0627401491722
"38","ALCLS-FR","ALCLS",2010,72.406109,17,2.8904,"FR",11,8166,-31.67099,52055,1369,2.629911,37691,-13.925013,-18.160728,10.8600561309089
"39","ALCLS-FR","ALCLS",2011,28.070796,12,2.5649,"FR",12,9928,21.577272,101757,53301,52.380672,28564,-30.996281,-71.958343,11.5303428970073
"40","ALCLS-FR","ALCLS",2012,68.569328,16,2.8332,"FR",13,11301,13.829573,87036,4291,4.930144,59680,-23.153401,-49.535379,11.3740771051514
"41","ALCLS-FR","ALCLS",2013,15.751581,16,2.8332,"FR",14,7706,-31.811344,31946,4066,12.727728,5032,-102.591989,-188.62962,10.3718022563499
"42","ALCLS-FR","ALCLS",2014,44.171378,17,2.8904,"FR",15,21627,180.651443,137614,3686,2.678507,60786,3.352206,8.635935,11.8322079434918
"43","ALCLS-FR","ALCLS",2015,77.081,9,2.3026,"FR",16,50346,132.792343,341062,1987,0.582592,262894,-8.583677,-12.694019,12.7398195579205
"44","ALCLS-FR","ALCLS",2016,82.308172,17,2.8904,"FR",17,40491,-19.574545,314422,1669,0.530815,258795,-18.543855,-23.299705,12.6584913116438
"45","ALCLS-FR","ALCLS",2017,80.145817,20,3.0445,"FR",18,22331.082625,-44.84927,277216.85543,28.314457,0.010214,222177.714857,-29.780772,-36.632976,12.5325553504738
"46","ALCLS-FR","ALCLS",2018,81.722906,56,4.0431,"FR",19,10791.271599,-51.675999,438122.731051,1181.822158,0.269747,358046.625553,-18.64936,-22.992186,12.9902543579867
"47","ALCLS-FR","ALCLS",2019,67.410459,98,4.5951,"FR",20,13571.604735,25.764648,416453.452117,42411.581292,10.183991,280733.184856,-21.34716,-28.558783,12.9395299747204
"48","ALK B-DK","ALK B",2006,78.846903,678,6.5206,"DK",83,226.432819,-61.447159,344.357576,10.329386,2.99961,271.515284,0.337588,0.39053,5.8416805826199
"49","ALK B-DK","ALK B",2007,74.867068,630,6.4473,"DK",84,221.72704,-2.190645,378.326212,9.253637,2.445941,283.241744,5.196733,6.769826,5.93575681816275
"50","ALK B-DK","ALK B",2008,73.364854,648,6.4754,"DK",85,239.278697,7.990315,340.980948,6.583163,1.930654,250.160175,3.545438,4.781077,5.83182660475493
"51","ALK B-DK","ALK B",2009,72.672446,703,6.5568,"DK",86,259.861232,8.464126,356.539428,6.181988,1.733886,259.105924,4.54633,6.226913,5.87644483121436
"52","ALK B-DK","ALK B",2010,71.30742,850,6.7464,"DK",87,287.356545,10.594316,379.758271,6.44113,1.696113,270.795827,4.668977,6.487582,5.9395349213572
"53","ALK B-DK","ALK B",2011,64.609422,905,6.809,"DK",88,315.149689,9.719626,451.269672,44.938602,9.958259,291.562725,6.468305,9.557945,6.11206510315671
"54","ALK B-DK","ALK B",2012,69.591712,1084,6.9893,"DK",89,315.030487,-0.127768,439.88993,44.498311,10.115783,306.126935,1.627486,2.426421,6.08652453652639
"55","ALK B-DK","ALK B",2013,68.818849,1154,7.0519,"DK",90,300.890049,-4.307036,438.048606,43.831669,10.00612,301.460011,1.862595,2.691374,6.08232987682218
"56","ALK B-DK","ALK B",2014,68.850541,1109,7.0121,"DK",91,326.385061,8.42246,459.151452,43.511281,9.476455,316.128259,5.413489,7.864436,6.12938011641977
"57","ALK B-DK","ALK B",2015,63.428975,1113,7.0157,"DK",92,344.426312,5.589807,569.769725,86.430262,15.169332,361.399094,8.968844,13.621065,6.34523228797408
"58","ALK B-DK","ALK B",2016,59.908314,1199,7.0901,"DK",93,403.615229,16.971584,645.416143,104.229529,16.149198,386.657931,5.966192,9.691314,6.46989529170047
"59","ALK B-DK","ALK B",2017,66.357402,1322,7.1877,"DK",94,391.205237,-3.161398,665.910936,101.807279,15.288423,441.881198,-3.2387,-5.12571,6.50115593186804
"60","ALK B-DK","ALK B",2018,65.344296,1421,7.2598,"DK",95,391.095938,0.171821,651.932779,99.431474,15.251799,426.000885,-3.461264,-5.255836,6.47994145691826
"61","ALK B-DK","ALK B",2019,57.797998,1642,7.4043,"DK",96,438.511889,12.315609,735.364713,132.48609,18.016379,425.026083,-0.965251,-1.573564,6.60036658430554
"62","ALONX-FR","ALONX",2007,73.170811,1,0.6931,"FR",10,3529.333,667.523254,63536.808,21.497,0.033834,46490.398,-42.318599,-55.753655,11.0593746704899
"63","ALONX-FR","ALONX",2008,64.246904,1,0.6931,"FR",11,8173.943,131.60022,42367.385,11.689,0.02759,27219.733,-40.349813,-57.97323,10.6541341235191
"64","ALONX-FR","ALONX",2009,59.812686,1,0.6931,"FR",12,7536.312,-7.800775,21335.3,74.52,0.34928,12761.216,-48.295876,-76.951075,9.96811825692469
"65","ALONX-FR","ALONX",2010,71.588883,1,0.6931,"FR",13,22531.84,198.977005,26334.371,57.061,0.216679,18852.482,11.786534,17.772682,10.178630247068
"66","ALONX-FR","ALONX",2011,67.198784,0,0,"FR",14,3230.909,-85.660698,34080.544,170.016,0.498865,22901.711,-48.405845,-70.039313,10.4364819432572
"67","ALONX-FR","ALONX",2012,53.0846,2,1.0986,"FR",15,4028.124,24.674639,22120.142,56.931,0.257372,11742.389,-41.095303,-66.666018,10.0042438751455
"68","ALONX-FR","ALONX",2013,41.918663,2,1.0986,"FR",16,1466.712,-63.588215,17743.252,91.182,0.513897,7437.734,-76.863781,-159.751384,9.78376055360692
"69","ALONX-FR","ALONX",2014,80.244817,3,1.3863,"FR",17,22080.505,1405.442505,151998.618,1629.662,1.072156,121971.013,-9.070926,-11.898083,11.9316267076818
"70","ALONX-FR","ALONX",2015,79.543467,13,2.6391,"FR",18,3481,-84.234962,129235,69,0.053391,102798,-13.80276,-17.270174,11.7693877314773
"71","ALONX-FR","ALONX",2016,75.211031,10,2.3979,"FR",19,4423,27.06119,125100,106,0.084732,94089,-17.827668,-23.029453,11.736868696455
"72","ALONX-FR","ALONX",2017,63.879959,5,1.7918,"FR",20,9505,114.899391,78073,130,0.166511,49873,-58.148474,-82.064712,11.2653995654287
"73","ALONX-FR","ALONX",2018,71.781818,9,2.3026,"FR",21,6127,-35.539188,63250,6550,10.355731,45402,-13.301444,-19.730255,11.0548504065898
"74","ALONX-FR","ALONX",2019,45.701454,8,2.1972,"FR",22,4289,-29.998367,37629,8582,22.806878,17197,-66.868228,-107.75891,10.5355303086928
"75","ASGLY-DK","ASGLY",2006,57.924626,653,6.4831,"DK",5,1920,47.578785,23244,8,0.034417,13464,-42.692369,-72.411576,10.053802313195
"76","ASGLY-DK","ASGLY",2007,50.238041,577,6.3596,"DK",6,2984,55.416668,22055,0,0,11080,-56.054218,-103.45502,10.001294612539
"77","ASGLY-DK","ASGLY",2008,87.473403,587,6.3767,"DK",7,2435,-18.398123,51698,257,0.497118,45222,-47.309262,-61.972932,10.8531743750287
"78","ASGLY-DK","ASGLY",2009,81.830909,633,6.452,"DK",8,2413,-0.903491,34999,420,1.200034,28640,-39.606907,-46.489399,10.4630747686348
"79","ASGLY-DK","ASGLY",2010,89.809305,815,6.7044,"DK",9,2081,-13.758806,73940,333,0.450365,66405,-32.278615,-36.997212,11.2110092324906
"80","ASGLY-DK","ASGLY",2011,82.297538,800,6.6859,"DK",10,2767,32.96492,54467,236,0.43329,44825,-33.594742,-38.782703,10.9053502926722
"81","ASGLY-DK","ASGLY",2012,65.324956,848,6.7441,"DK",11,4593,65.99205,35651,124,0.347816,23289,-48.827093,-64.600523,10.4815324759399
"82","ASGLY-DK","ASGLY",2013,39.695225,844,6.7393,"DK",12,5856,27.498367,25527,1035,4.05453,10133,-59.397169,-108.724792,10.1474919945177
"83","ASGLY-DK","ASGLY",2014,40.841024,882,6.7833,"DK",13,11181,90.932381,29583,0,0,12082,-47.189258,-117.065046,10.2949551510004
"84","ASGLY-DK","ASGLY",2015,56.129032,944,6.8512,"DK",14,13576,21.420267,56885,0,0,31929,-48.073276,-94.449115,10.9487869649738
"85","ASGLY-DK","ASGLY",2016,47.225006,984,6.8926,"DK",15,19484,43.517971,46901,0,0,22149,-26.739637,-51.318466,10.7557942761687
"86","ASGLY-DK","ASGLY",2017,57.174357,1002,6.9108,"DK",16,23000,18.045576,43084,0,0,24633,-18.88537,-36.325937,10.6709069774707
"87","ASGLY-DK","ASGLY",2018,57.981521,959,6.8669,"DK",17,28447,23.68261,40694,0,0,23595,-9.842679,-17.097951,10.6138359404158
"88","ASGLY-DK","ASGLY",2019,48.923278,1008,6.9167,"DK",18,34338,20.708687,47366,8529,18.006587,23173,-0.969793,-1.826035,10.7656599507227
"89","AVCT-GB","AVCT",2006,42.424242,0,0,"GB",3,0,-100,47.618318,1.442979,3.030303,20.201711,0,0,3.86321751914133
"90","AVCT-GB","AVCT",2008,94.653966,0,0,"GB",5,627.490072,174.764145,6530.843423,52.053768,0.797045,6181.702299,-25.804184,-26.967943,8.78429137518562
"91","AVCT-GB","AVCT",2009,91.628934,0,0,"GB",6,1094.800497,102.575104,10588.489331,33.91123,0.320265,9702.119931,-37.819565,-40.786875,9.26752277790054
"92","AVCT-GB","AVCT",2010,88.843343,1,0.6931,"GB",7,2360.737407,118.961861,13490.001414,19.23365,0.142577,11984.968286,-18.533314,-20.572617,9.50970405402018
"93","AVCT-GB","AVCT",2011,92.711796,0,0,"GB",8,2841.455938,18.287373,14090.398549,4.569242,0.032428,13063.461516,-5.017617,-5.521816,9.55324889044017
"94","AVCT-GB","AVCT",2012,91.713544,0,0,"GB",9,3744.105668,28.016359,23520.76618,0,0,21571.728221,-7.176459,-7.790927,10.0656389771623
"95","AVCT-GB","AVCT",2013,88.08836,1,0.6931,"GB",10,3248.82406,-13.738019,20157.294899,0,0,17756.230545,-8.416568,-9.357697,9.91132153158493
"96","AVCT-GB","AVCT",2014,92.875777,1,0.6931,"GB",11,3837.823348,17.777779,39177.896271,0,0,36386.775573,-6.126807,-6.722386,10.575867996106
"97","AVCT-GB","AVCT",2015,89.393515,2,1.0986,"GB",12,2408.812837,-42.987423,30228.373753,0,0,27022.205711,-18.657414,-20.400675,10.3165362905276
"98","AVCT-GB","AVCT",2016,95.481053,3,1.3863,"GB",13,2847.827847,19.415333,44586.738327,0,0,42571.887451,-15.764566,-16.901869,10.7051917468635
"99","AVCT-GB","AVCT",2017,94.726333,5,1.7918,"GB",14,3168.159605,26.327944,35282.355971,0,0,33421.682173,-18.426765,-19.368773,10.4711382871145
"100","AVCT-GB","AVCT",2018,91.301752,4,1.6094,"GB",15,3117.489143,1.023766,26293.296892,0,0,24006.240837,-32.101953,-34.419711,10.1770693146541
"101","AVCT-GB","AVCT",2019,90.844773,8,2.1972,"GB",16,4434.008371,40.792789,33528.86168,971.28663,2.896867,30459.218272,-42.50551,-46.682971,10.4201618895848
"102","AZN-GB","AZN",2006,53.301755,1115,7.0175,"GB",7,21092.248822,9.120356,21773.782904,927.463656,4.259543,11605.808497,23.046307,41.713743,9.98846190596798
"103","AZN-GB","AZN",2007,31.500863,1340,7.2012,"GB",8,21594.566189,2.698281,32087.134059,10366.265295,32.30661,10107.724237,14.62322,36.681814,10.3762104206422
"104","AZN-GB","AZN",2008,34.011628,1449,7.2793,"GB",9,21596.728663,16.699535,33656.344445,8523.4347,25.324897,11447.07064,11.862476,35.993795,10.4239568595001
"105","AZN-GB","AZN",2009,37.618354,1144,7.0432,"GB",10,23592.31408,21.949986,38278.44736,7710.751332,20.143846,14399.721822,14.483738,40.395517,10.5526422846607
"106","AZN-GB","AZN",2010,41.357992,1073,6.9791,"GB",11,25141.373118,2.510862,41837.427275,6874.138192,16.430595,17303.119699,14.932874,37.76897,10.641546607245
"107","AZN-GB","AZN",2011,44.001514,1060,6.967,"GB",12,24153.572112,-2.757445,40696.377452,7185.610617,17.656634,17907.022341,17.832641,41.816834,10.613894361376
"108","AZN-GB","AZN",2012,44.340046,1076,6.9819,"GB",13,21777.864942,-15.753401,40605.279774,7820.085076,19.258789,18004.399559,11.875189,26.886348,10.6116533808295
"109","AZN-GB","AZN",2013,41.54636,936,6.8427,"GB",14,19366.261917,-6.822453,40566.786451,7530.026945,18.562049,16854.023302,4.904364,11.425133,10.6107049430805
"110","AZN-GB","AZN",2014,33.496032,866,6.765,"GB",15,19672.885959,-3.651123,48423.615997,8960.786215,18.504992,16219.989951,2.099657,5.62833,10.787742907526
"111","AZN-GB","AZN",2015,30.75311,753,6.6254,"GB",16,22281.122847,2.044492,55347.508207,13857.129283,25.036591,17021.080213,4.718709,14.714543,10.9213869182797
"112","AZN-GB","AZN",2016,23.756517,758,6.632,"GB",17,20793.759609,5.411262,59280.399489,15935.530093,26.881617,14082.958354,5.674753,21.111947,10.9900339989655
"113","AZN-GB","AZN",2017,23.613347,750,6.6214,"GB",18,19916.935166,2.327764,52759.827779,14829.28076,28.107144,12458.361328,4.783263,20.193023,10.8735053425917
"114","AZN-GB","AZN",2018,20.556957,772,6.6503,"GB",19,18724.31143,-5.030689,53056.030097,16719.590827,31.513083,10906.705302,3.422075,15.503866,10.8791038057634
"115","AZN-GB","AZN",2019,21.38749,878,6.7788,"GB",20,21786.042398,15.374351,54678.841487,16237.861802,29.696792,11694.431989,2.227615,10.62463,10.9092321034701
"116","B8F-DE","B8F",2016,66.344176,6,1.9459,"DE",19,6130.27009,48.148678,23878.67985,3875.32095,16.229209,15842.11332,-63.393325,-191.774692,10.0807412833151
"117","B8F-DE","B8F",2017,17.034462,5,1.7918,"DE",20,12025,96.157753,19848,12525,63.104595,3381,-73.6484,-167.527494,9.89585852537164
"118","B8F-DE","B8F",2018,41.795927,7,2.0794,"DE",21,21107,75.525986,39133,13627,34.822273,16356,-30.10461,-89.963014,10.5747213797842
"119","B8F-DE","B8F",2019,16.580889,5,1.7918,"DE",22,31265,48.126213,60039,23322,38.844751,9955,-14.838866,-55.930979,11.0027496300457
"120","BAVA-DK","BAVA",2006,85.053031,57,4.0604,"DK",12,23.500214,-29.202404,108.317427,26.925489,24.857948,92.127255,-18.207247,-24.036721,4.68506605518908
"121","BAVA-DK","BAVA",2007,70.261886,28,3.3673,"DK",13,44.57398,89.457016,232.286393,20.094339,8.650674,163.208801,-4.723138,-6.300473,5.44797106294239
"122","BAVA-DK","BAVA",2008,59.696824,33,3.5264,"DK",14,28.005935,-37.126438,227.624398,18.106518,7.95456,135.884535,-8.528414,-13.113049,5.42769689334356
"123","BAVA-DK","BAVA",2009,55.401761,31,3.4657,"DK",15,10.042999,-64.185242,170.824988,15.966462,9.346678,94.640052,-17.959206,-31.041353,5.14063957041951
"124","BAVA-DK","BAVA",2010,55.239556,22,3.1355,"DK",16,42.173199,319.977814,196.874202,14.331111,7.279324,108.752436,-28.479033,-51.485328,5.28256495623835
"125","BAVA-DK","BAVA",2011,61.095211,47,3.8712,"DK",17,70.277978,66.713692,265.943282,13.340979,5.016475,162.478609,-15.589037,-26.602215,5.58328306048199
"126","BAVA-DK","BAVA",2012,64.948567,44,3.8067,"DK",18,137.410656,95.348557,206.298057,11.979428,5.806854,133.987631,-13.652835,-21.746352,5.32932200171002
"127","BAVA-DK","BAVA",2013,67.228065,37,3.6376,"DK",19,162.579985,18.541775,194.656308,10.765567,5.530551,130.86367,-3.124236,-4.729737,5.27123548041552
"128","BAVA-DK","BAVA",2014,66.344261,53,3.989,"DK",20,163.234787,0.355791,253.448916,4.724197,1.863964,168.148809,1.553538,2.328145,5.5351622879315
"129","BAVA-DK","BAVA",2015,67.48625,37,3.6376,"DK",21,136.826805,-16.128496,266.562049,4.461276,1.673635,179.892731,3.065937,4.580792,5.58560704577366
"130","BAVA-DK","BAVA",2016,71.439545,52,3.9703,"DK",22,135.220101,-1.354056,379.75834,4.283497,1.127953,271.297629,1.271567,1.821583,5.93953510305171
"131","BAVA-DK","BAVA",2017,79.497575,50,3.9318,"DK",23,184.195961,36.09753,423.436486,53.980959,12.748301,336.621739,6.068668,8.017758,6.04840352881891
"132","BAVA-DK","BAVA",2018,71.240562,40,3.7136,"DK",24,67.044443,-63.528839,410.179756,86.632687,21.120664,292.214362,-11.649498,-15.444113,6.01659549288462
"133","BAVA-DK","BAVA",2019,26.471364,37,3.6376,"DK",25,90.474084,35.177208,943.069179,245.160692,25.996045,249.643272,-6.861434,-17.141369,6.84913964049414
"134","BINV-SE","BINV",2006,74.260443,2,1.0986,"SE",10,5491.972521,80.257462,16438.37038,0,0,12207.206632,-52.490619,-66.129326,9.7073735383928
"135","BINV-SE","BINV",2007,79.010041,8,2.1972,"SE",11,15506.92964,182.195206,28678.803859,0,0,22659.134559,-7.675523,-9.925679,10.2639135873933
"136","BINV-SE","BINV",2008,78.292776,3,1.3863,"SE",12,26129.635497,75.783096,26875.454845,0,0,21041.53972,5.738064,7.296999,10.1989686897519
"137","BINV-SE","BINV",2009,44.067139,9,2.3026,"SE",13,7584.468555,-68.009979,12323.586516,0,0,5430.65197,-83.79052,-123.138315,9.41927030803394
"138","BINV-SE","BINV",2010,53.749909,9,2.3026,"SE",14,8691.378553,2.736211,15304.291606,0,0,8226.042879,-97.171139,-197.806261,9.63588856517275
"139","BINV-SE","BINV",2011,67.046079,12,2.5649,"SE",15,13804.085142,50.422367,23120.823496,0,0,15501.6055,-39.008456,-63.214907,10.0484889404911
"140","BINV-SE","BINV",2012,40.863887,15,2.7726,"SE",16,4935.39774,-65.546455,13588.192158,0,0,5552.663509,-116.565312,-202.445359,9.5169564709232
"141","BINV-SE","BINV",2013,60.177806,16,2.8332,"SE",17,9447.223155,90.269173,9201.899078,0,0,5537.50099,-18.223053,-37.335845,9.12716516325688
"142","BINV-SE","BINV",2014,70.745399,9,2.3026,"SE",18,5153.607567,-42.564831,7823.428314,0,0,5534.715546,-69.413996,-106.442549,8.96487814079351
"143","BINV-SE","BINV",2015,54.096644,13,2.6391,"SE",19,1702.240817,-66.067924,5945.189336,0,0,3216.147937,-141.07736,-221.491903,8.69033765655719
"144","BINV-SE","BINV",2016,83.401617,18,2.9444,"SE",20,7526.536643,347.62323,28835.161062,0,0,24048.990618,-37.846075,-48.164038,10.2693507916764
"145","BINV-SE","BINV",2017,76.581769,25,3.2581,"SE",21,4671.647896,-36.852589,17296.051618,0,0,13245.622222,-45.044976,-55.746377,9.75823352426399
"146","BINV-SE","BINV",2018,72.774917,22,3.1355,"SE",22,3755.394393,-14.36442,11879.628289,0,0,8645.38962,-84.809277,-113.073456,9.38258030362242
"147","BINV-SE","BINV",2019,74.934877,32,3.4965,"SE",23,8852.888549,143.177338,21518.441117,1477.857654,6.867866,16124.817409,-80.016507,-107.86168,9.97666557285079
"148","BSLN-CH","BSLN",2006,55.300989,25,3.2581,"CH",6,4.567233,-76.442696,126.166839,0,0,69.77151,-37.130499,-60.782398,4.83760515012656
"149","BSLN-CH","BSLN",2007,72.908539,28,3.3673,"CH",7,4.809593,9.969929,278.747741,0,0,203.230906,-38.170757,-56.526546,5.63030721870562
"150","BSLN-CH","BSLN",2008,60.86559,33,3.5264,"CH",8,7.448495,49.367088,221.764134,0,0,134.978048,-36.352122,-53.534788,5.40161435760267
"151","BSLN-CH","BSLN",2009,47.289448,37,3.6376,"CH",9,17.555949,124.576271,139.295963,0,0,65.872292,-45.146811,-81.170141,4.93660089974844
"152","BSLN-CH","BSLN",2010,66.413902,55,4.0254,"CH",10,84.256438,338.49057,253.107113,0,0,168.09831,41.139361,69.892822,5.53381277067258
"153","BSLN-CH","BSLN",2011,64.656263,24,3.2189,"CH",11,54.096164,-42.598969,195.320853,0,0,126.287164,-20.809249,-31.691884,5.27464360637622
"154","BSLN-CH","BSLN",2012,28.110845,34,3.5553,"CH",12,48.046911,-13.193396,310.988385,0,0,87.421462,-17.308948,-40.958269,5.73975556421493
"155","BSLN-CH","BSLN",2013,23.649099,42,3.7612,"CH",13,33.271837,-29.273458,244.638868,0,0,57.854889,-9.782234,-37.437563,5.49978311496272
"156","BSLN-CH","BSLN",2014,22.494172,42,3.7612,"CH",14,35.00024,3.780596,214.077869,0,0,48.155045,-14.912251,-64.511694,5.3663398226676
"157","BSLN-CH","BSLN",2015,3.759398,38,3.6636,"CH",15,48.376158,21.542116,366.934887,179.32908,48.87218,13.794545,-18.769957,-169.006859,5.90518441269532
"158","CNW-DE","CNW",2006,92.403997,1455,7.2834,"DE",13,465,25.652515,6376.56732,0,0,5892.20307,-29.000584,-32.372595,8.7603851939271
"159","CNW-DE","CNW",2007,84.689305,1515,7.3238,"DE",14,1197,157.419357,5252.47844,0,0,4448.28749,-24.834368,-27.929042,8.56645532799869
"160","CNW-DE","CNW",2008,84.40001,1536,7.3376,"DE",15,1522,27.151211,4176.97042,0,0,3525.36345,-19.576966,-23.151252,8.33734148283456
"161","CNW-DE","CNW",2009,61.143428,1589,7.3715,"DE",16,1753,15.177398,3022.10105,0,0,1847.81617,-46.617123,-62.458362,8.01370758039409
"162","CNW-DE","CNW",2010,78.691633,1871,7.5348,"DE",17,2145,22.361666,3069.09439,0,0,2415.12049,-47.051519,-67.230649,8.02913781009334
"163","CNW-DE","CNW",2011,83.142728,1768,7.4782,"DE",18,2316,7.972028,2981.64467,0,0,2479.02073,-33.384352,-41.27384,8.00023032994174
"164","CNW-DE","CNW",2012,77.534054,1784,7.4872,"DE",19,2693,16.278065,5169.33844,0,0,4007.99764,-58.422401,-73.408147,8.55049999799945
"165","CNW-DE","CNW",2013,52.698454,1772,7.4804,"DE",20,3622,34.496845,3442.13145,0,0,1813.95005,-62.335467,-92.202821,8.14384616604807
"166","CNW-DE","CNW",2014,70.591414,1901,7.5507,"DE",21,4476,23.578135,6072.71157,0,0,4286.81295,-52.402336,-81.727482,8.71156050094458
"167","CNW-DE","CNW",2015,79.098358,1919,7.5601,"DE",22,5086,13.62824,8105.09796,0,0,6410.99939,-40.429377,-53.581048,9.00024852046318
"168","CNW-DE","CNW",2016,65.218503,1888,7.5438,"DE",23,5598,10.06685,4232.75347,0,0,2760.53844,-59.167514,-79.594067,8.35060799880601
"169","CNW-DE","CNW",2017,85.405907,1985,7.5939,"DE",24,5964.2193,6.541965,18949.92766,0,0,16184.3575,-60.857987,-74.471314,9.84955539308904
"170","CNW-DE","CNW",2018,42.990464,2167,7.6816,"DE",25,5654,-5.201339,29467,9484,32.185156,12668,-25.904163,-43.469585,10.2910262721108
"171","CNW-DE","CNW",2019,43.857176,2257,7.7222,"DE",26,6856,21.259285,26242,9570,36.468257,11509,-45.339173,-104.471192,10.1751164596657
"172","COPN-CH","COPN",2007,74.419836,4,1.6094,"CH",10,21900.000983,50.876282,47227.995873,5197.999546,11.006183,35146.996929,0.22789,0.330371,10.7627421286424
"173","COPN-CH","COPN",2008,74.848091,5,1.7918,"CH",11,34172.9994,50.499039,57764.995255,4293.999647,7.433567,43235.996449,18.202606,24.386057,10.9641382527739
"174","COPN-CH","COPN",2009,83.671499,2,1.0986,"CH",12,26684.998219,-25.596704,71463.994898,2975.999788,4.164334,59794.995731,6.386102,8.009372,11.1769490339891
"175","COPN-CH","COPN",2010,63.234413,3,1.3863,"CH",13,32050.00075,9.734288,91825.001623,3497.000062,3.808331,58065.001026,4.505542,6.168228,11.4276398883628
"176","COPN-CH","COPN",2011,80.973372,6,1.9459,"CH",14,33508.998359,-6.526239,78037.998541,2175.999959,2.788385,63189.998819,8.942325,12.550025,11.2649511478295
"177","COPN-CH","COPN",2012,81.919721,7,2.0794,"CH",15,59536.997959,73.651764,151844.994557,12836.99954,8.454016,124390.995541,16.753655,20.532139,11.9306155068552
"178","COPN-CH","COPN",2013,90.591101,7,2.0794,"CH",16,56368.002613,-3.302148,243003.999455,11747.999974,4.834488,220139.999507,35.171909,40.294156,12.4008331808498
"179","COPN-CH","COPN",2014,67.491944,19,2.9957,"CH",17,79592.998575,39.304188,225620.990925,10929.99956,4.844407,152275.993875,31.289208,39.318076,12.326611839158
"180","COPN-CH","COPN",2015,92.166104,11,2.4849,"CH",18,60607.000244,-33.040165,437942.966519,8132.999378,1.857091,403634.969142,70.906109,85.212028,12.9898439674531
"181","COPN-CH","COPN",2016,93.702449,19,2.9957,"CH",19,67663.99845,13.94744,443474.008958,5309.000107,1.197139,415546.008394,4.429629,4.766444,13.0023944746357
"182","COPN-CH","COPN",2017,94.405933,15,2.7726,"CH",20,67242.000913,1.236077,497973.999379,4475.999994,0.898842,470116.999414,-6.808695,-7.236374,13.1183031445615
"183","COPN-CH","COPN",2018,70.923754,14,2.7081,"CH",21,65616.998542,1.485476,625685.97225,158149.992986,25.276257,443759.980319,-3.228796,-3.959326,13.3466038824447
"184","COPN-CH","COPN",2019,67.286383,13,2.6391,"CH",22,62494.999814,-8.246183,585160.018829,164837.005304,28.16956,393733.01267,-4.04991,-5.852581,13.2796406252695
"185","COX-FR","COX",2006,80.86829,68,4.2341,"FR",10,9630,47.518383,91398,51,0.0558,73912,-34.741507,-43.730245,11.4229788753648
"186","COX-FR","COX",2007,89.318082,77,4.3567,"FR",11,20620,114.122536,189451,29,0.015307,169214,-22.890592,-26.442256,12.1518856948704
"187","COX-FR","COX",2008,82.567405,62,4.1431,"FR",12,3362,-83.695442,123619,19,0.01537,102069,-47.201584,-54.472267,11.7249595338746
"188","COX-FR","COX",2009,90.759409,65,4.1897,"FR",13,1119,-66.71624,157425,13,0.008258,142878,-42.952705,-49.282498,11.9667044333569
"189","COX-FR","COX",2010,89.011719,58,4.0775,"FR",14,7423,563.360168,112893,113,0.100095,100488,-32.50098,-36.100359,11.6341957464441
"190","COX-FR","COX",2011,87.99424,40,3.7136,"FR",15,0,-100,95829,82,0.085569,84324,-15.939863,-18.002078,11.4703206321378
"191","COX-FR","COX",2013,86.907644,27,3.3322,"FR",17,747,-90.189125,70629,151,0.213793,61382,-23.446788,-26.696387,11.1651961040131
"192","COX-FR","COX",2014,79.242609,42,3.7612,"FR",18,5982,700.803223,131240,536,0.408412,103998,-21.518906,-26.26678,11.784782987075
"193","COX-FR","COX",2015,62.033817,32,3.4965,"FR",19,9963,66.549652,163348,1875,1.147856,101331,-18.968186,-27.213886,12.0036381733057
"194","COX-FR","COX",2016,70.285987,38,3.6636,"FR",20,16,-99.839409,148748,62,0.041681,104549,-4.320465,-6.549446,11.9100088779393
"195","COX-FR","COX",2017,84.212358,34,3.5553,"FR",21,15080,94150,152252,50,0.03284,128215,-5.512292,-7.12825,11.9332923217749
"196","COX-FR","COX",2018,82.006638,19,2.9957,"FR",22,4717,-68.720161,138590,85,0.061332,113653,-12.646729,-15.207469,11.8392752130628
"197","COX-FR","COX",2019,76.5353,29,3.4012,"FR",23,8260,75.111298,142806,12649,8.857471,109297,-13.448663,-16.974209,11.8692423448117
"198","CUV-AU","CUV",2006,81.945683,0,0,"AU",19,463.647872,505.708466,9918.895071,0,0,8128.106311,-79.398228,-100.442417,9.20219681010349
"199","CUV-AU","CUV",2007,96.412918,0,0,"AU",20,170.451059,-62.468105,42606.728248,0,0,41078.390106,-21.617428,-23.119295,10.6597674598801
"200","CUV-AU","CUV",2008,94.258325,1,0.6931,"AU",21,0,-100,33482.078396,0,0,31559.646436,-23.870241,-25.008531,10.4187656014102
"201","CUV-AU","CUV",2012,85.258517,1,0.6931,"AU",25,557.552345,-30.568064,12919.868257,0,0,11015.288106,-54.021182,-65.016382,9.46652158045798
"202","CUV-AU","CUV",2013,87.508523,5,1.7918,"AU",26,1232.797762,114.858307,11136.722557,0,0,9745.581406,-42.771509,-49.517164,9.31800326525735
"203","CUV-AU","CUV",2014,89.93891,5,1.7918,"AU",27,1489.24588,41.667408,11825.143523,0,0,10635.405131,-33.522378,-37.761881,9.37798335053806
"204","CUV-AU","CUV",2015,82.126896,6,1.9459,"AU",28,2027.235826,32.33778,9411.848641,0,0,7729.659123,-67.631433,-78.206488,9.14972466822623
"205","CUV-AU","CUV",2016,88.370255,7,2.0794,"AU",29,4074.492258,113.334221,13497.415356,0,0,11927.700435,-18.478402,-21.524382,9.51025349098554
"206","CUV-AU","CUV",2017,88.741619,7,2.0794,"AU",30,11567.533366,169.187424,19238.937357,0,0,17072.944489,29.462685,33.258026,9.86469149176926
"207","CUV-AU","CUV",2018,91.868873,13,2.6391,"AU",31,16561.318013,52.424976,27150.935969,0,0,24943.258819,36.984737,40.813955,10.2091667987642
"208","CUV-AU","CUV",2019,91.714671,12,2.5649,"AU",32,19464.16406,21.824421,38418.394367,266.525751,0.693745,35235.304112,34.459215,37.546461,10.5562916438563
"209","EVT-DE","EVT",2006,66.746786,60,4.1109,"DE",13,67.354,-15.580631,205.526,11.906,5.792941,137.182,-18.535532,-25.395048,5.32557254661449
"210","EVT-DE","EVT",2007,82.044757,74,4.3175,"DE",14,32.885,-51.175877,207.878,11.661,5.60954,170.553,-23.247477,-31.230117,5.3369513691588
"211","EVT-DE","EVT",2008,74.705011,74,4.3175,"DE",15,39.613,20.459177,200.601,11.328,5.647031,149.859,-38.330979,-48.866459,5.30131786056028
"212","EVT-DE","EVT",2009,75.630802,35,3.5835,"DE",16,42.683,7.74998,146.599,13.205,9.007565,110.874,-26.222926,-34.919247,4.98770096814688
"213","EVT-DE","EVT",2010,68.884441,33,3.5264,"DE",17,55.262,29.470757,191.859,11.997,6.25303,132.161,1.926384,2.682741,5.25676072724237
"214","EVT-DE","EVT",2011,67.477648,42,3.7612,"DE",18,80.128,44.996555,218.213,15.566,7.133397,147.245,3.291617,4.830963,5.38547164999272
"215","EVT-DE","EVT",2012,67.670244,50,3.9318,"DE",19,87.265,8.907,225.427,17.402,7.719572,152.547,1.117122,1.653146,5.41799638147703
"216","EVT-DE","EVT",2013,69.912481,60,4.1109,"DE",20,85.938,-1.520651,227.38,17.241,7.582461,158.967,-11.233484,-16.32864,5.42662262670096
"217","EVT-DE","EVT",2014,67.084152,82,4.4188,"DE",21,89.496,4.140193,236.096,21.549,9.127219,158.383,-3.011159,-4.397668,5.46423850197421
"218","EVT-DE","EVT",2015,62.009487,66,4.2047,"DE",22,127.677,42.662243,299.151,22.943,7.669371,185.502,6.171356,9.605537,5.70094846263507
"219","EVT-DE","EVT",2016,58.811107,70,4.2627,"DE",23,164.507,28.846231,362.236,28.827,7.958072,213.035,8.324929,13.81553,5.89229593311097
"220","EVT-DE","EVT",2017,48.463265,67,4.2195,"DE",24,257.63,56.607319,682.486,189.928,27.828849,330.755,4.643723,8.921459,6.52574201402821
"221","EVT-DE","EVT",2018,53.984846,57,4.0604,"DE",25,375.405,45.714783,785.413,114.465,14.573861,424.004,11.468364,22.304338,6.6662096940823
"222","EVT-DE","EVT",2019,38.80594,69,4.2485,"DE",26,446.437,18.921434,1229.268,463.099,37.672745,477.029,3.779457,8.450745,7.11417414925989
"223","GLPG-NL","GLPG",2006,65.341255,5,1.7918,"NL",7,35.152,212.740219,167.646,7.767,4.632977,109.542,-9.096782,-13.282321,5.12185461339706
"224","GLPG-NL","GLPG",2007,66.314784,5,1.7918,"NL",8,65.936,87.573959,148.724,4.368,2.936984,98.626,-13.874893,-21.086814,5.00209223923224
"225","GLPG-NL","GLPG",2008,70.965462,10,2.3979,"NL",9,76.978,16.746542,118.824,1.686,1.418905,84.324,-10.901969,-15.943154,4.77764340672723
"226","GLPG-NL","GLPG",2009,75.76213,23,3.1781,"NL",10,93.089,20.929356,143.709,1.484,1.032642,108.877,2.293045,3.115926,4.96779042160394
"227","GLPG-NL","GLPG",2010,76.564876,21,3.091,"NL",11,122.41,31.49782,193.961,1.245,0.641882,148.506,2.588326,3.395718,5.26765710792607
"228","GLPG-NL","GLPG",2011,73.500357,46,3.8501,"NL",12,95.887,-21.667351,161.055,0.876,0.543914,118.376,-18.645357,-24.802722,5.08174592155421
"229","GLPG-NL","GLPG",2012,50.332513,31,3.4657,"NL",13,136.268,42.113117,235.329,0.405,0.172099,118.447,-2.886595,-4.831456,5.46098453505787
"230","GLPG-NL","GLPG",2013,58.160098,26,3.2958,"NL",14,137.699,1.050136,287.374,0.393,0.136756,167.137,-3.091239,-5.65788,5.66078450330348
"231","GLPG-NL","GLPG",2014,76.214473,51,3.9512,"NL",15,69.368,-49.623463,270.467,0.167,0.061745,206.135,-13.374062,-19.987034,5.60015009454124
"232","GLPG-NL","GLPG",2015,82.48304,48,3.8918,"NL",16,39.563,-42.966496,442.514,0.115,0.025988,364.999,-33.215471,-41.464875,6.09247210236558
"233","GLPG-NL","GLPG",2016,70.033637,49,3.912,"NL",17,129.519,227.374069,1083.338,0.063,0.005815,758.701,7.079586,9.613242,6.9878022943387
"234","GLPG-NL","GLPG",2017,78.675539,84,4.4427,"NL",18,127.087,-1.877716,1286.274,0.009,7e-04,1011.983,-9.765649,-13.068848,7.15950494586631
"235","GLPG-NL","GLPG",2018,84.352371,81,4.4067,"NL",19,288.836,127.274223,1439.496,0,0,1214.249,-2.146843,-2.628567,7.27204833130575
"236","GLPG-NL","GLPG",2019,47.385785,84,4.4427,"NL",20,844.985,192.54837,6068.609,25.384,0.418284,2875.658,3.991553,7.32755,8.71088469799012
"237","GMAB-DK","GMAB",2006,89.081024,3,1.3863,"DK",7,18.171871,37.604183,242.087132,2.442296,1.00885,215.653697,-27.604896,-32.14816,5.48929771094117
"238","GMAB-DK","GMAB",2007,72.832459,12,2.5649,"DK",8,71.073046,290.666718,530.915057,2.101112,0.395753,386.678491,-13.303543,-17.073296,6.27460204046076
"239","GMAB-DK","GMAB",2008,67.155372,18,2.9444,"DK",9,99.938155,40.710281,437.841167,1.974814,0.451034,294.033863,-26.742153,-38.056753,6.08185621218932
"240","GMAB-DK","GMAB",2009,58.391724,29,3.4012,"DK",10,82.06458,-17.988813,298.554264,3.351981,1.122738,174.330981,-12.695879,-19.961133,5.69895170525577
"241","GMAB-DK","GMAB",2010,43.522992,32,3.4965,"DK",11,78.160577,-4.745557,333.006539,17.943511,5.388336,144.934409,-6.094531,-12.057332,5.80816212642428
"242","GMAB-DK","GMAB",2011,31.092307,54,4.0073,"DK",12,47.102799,-39.709698,210.489182,1.593706,0.757144,65.445943,-10.664668,-27.545492,5.34943425987784
"243","GMAB-DK","GMAB",2012,22.635133,77,4.3567,"DK",13,65.106659,38.09811,226.899301,0.758616,0.33434,51.358959,-6.84293,-25.631867,5.42450631112878
"244","GMAB-DK","GMAB",2013,38.089097,78,4.3694,"DK",14,88.975762,36.921322,232.096998,0.333094,0.143515,88.403651,4.097345,13.456282,5.44715537911661
"245","GMAB-DK","GMAB",2014,70.916122,119,4.7875,"DK",15,114.078487,28.153021,384.978281,0.047674,0.012384,273.011668,13.104931,22.380706,5.9531869197095
"246","GMAB-DK","GMAB",2015,89.344705,102,4.6347,"DK",16,151.90702,33.238594,522.943015,0.015812,0.003024,467.221894,22.558345,27.665224,6.25947250019358
"247","GMAB-DK","GMAB",2016,92.143538,124,4.8283,"DK",17,243.931613,60.287395,704.488867,0,0,649.14097,25.973155,28.558056,6.55747252851692
"248","GMAB-DK","GMAB",2017,94.990869,173,5.1591,"DK",18,317.996891,30.246542,886.843745,0,0,842.420582,18.63921,19.885794,6.78766880557378
"249","GMAB-DK","GMAB",2018,94.721203,169,5.1358,"DK",19,405.872656,27.889189,1133.813483,0,0,1073.961766,19.545231,20.608766,7.03334199368755
"250","GMAB-DK","GMAB",2019,92.76281,234,5.4596,"DK",20,718.709467,77.380394,2026.635707,24.222204,1.195193,1879.964238,18.352045,19.635252,7.61413241002411
"251","GNFT-FR","GNFT",2006,60.05259,13,2.6391,"FR",7,10051.9,-21.313383,46244.3,4405.6,9.526796,27770.9,0.850299,1.594093,10.7416934921023
"252","GNFT-FR","GNFT",2007,63.082731,40,3.7136,"FR",8,9477.3,-5.716338,40213.7,3688.8,9.172993,25367.9,-6.478984,-10.54145,10.6019630125692
"253","GNFT-FR","GNFT",2008,48.664556,19,2.9957,"FR",9,8760.6,-7.562282,45992.2,10134.3,22.034823,22381.9,-9.188466,-16.588551,10.736227095876
"254","GNFT-FR","GNFT",2009,40.387738,10,2.3979,"FR",10,5812.2,-33.655224,38428,9749.8,25.371604,15520.2,-17.469516,-38.910245,10.5565416395296
"255","GNFT-FR","GNFT",2010,26.727244,10,2.3979,"FR",11,3757.5,-35.351505,31386.7,9346.2,29.777581,8388.8,-26.872851,-78.469196,10.3541395152876
"256","GNFT-FR","GNFT",2011,15.329108,6,1.9459,"FR",12,2360.9,-37.168335,29075.6,7408.1,25.478752,4457.03,-32.025576,-150.736854,10.2776546134594
"257","GNFT-FR","GNFT",2012,28.980959,15,2.7726,"FR",13,1672.3,-29.166836,23581,4315.9,18.302447,6834,-20.554308,-95.856622,10.0681965820132
"258","GNFT-FR","GNFT",2013,48.344825,19,2.9957,"FR",14,1899.3,13.57412,29151,2155.5,7.394257,14093,-47.986422,-120.916519,10.2802444965075
"259","GNFT-FR","GNFT",2014,81.547137,24,3.2189,"FR",15,1614.4,-15.000264,86366,2157.7,2.498321,70429,-29.477047,-40.286553,11.3663493588249
"260","GNFT-FR","GNFT",2015,79.981199,11,2.4849,"FR",16,527,-67.356293,69145,5700,8.243546,55303,-22.037026,-27.256387,11.1439610278988
"261","GNFT-FR","GNFT",2016,85.902291,15,2.7726,"FR",17,284,-46.110058,166105,6245,3.75967,142688,-28.622317,-34.008617,12.0203753974963
"262","GNFT-FR","GNFT",2017,35.550833,13,2.6391,"FR",18,118,-58.450703,293183,163749,55.852147,104229,-25.5195,-47.468583,12.5885522664133
"263","GNFT-FR","GNFT",2018,9.124622,32,3.4965,"FR",19,69,-41.525425,229478,169588,73.901638,20939,-30.429284,-127.062828,12.3435624433214
"264","GNFT-FR","GNFT",2019,27.130607,32,3.4965,"FR",20,30839,44594.203125,309853,183618,59.259713,84065,-24.157336,-124.079083,12.6438532704476
"265","GSK-GB","GSK",2006,36.731499,324,5.7838,"GB",6,34060.321796,7.2253,37925.948435,8148.297926,21.484757,13930.76946,21.326949,64.550518,10.5433908120781
"266","GSK-GB","GSK",2007,30.974422,384,5.9532,"GB",7,33211.103697,-2.191604,42210.980724,14392.551599,34.0967,13074.607228,18.438362,54.916004,10.6504356729061
"267","GSK-GB","GSK",2008,20.133019,406,6.0088,"GB",8,30511.279884,7.201972,40744.784491,16742.462533,41.091057,8203.155022,13.074607,52.492301,10.6150831225269
"268","GSK-GB","GSK",2009,23.342355,441,6.0913,"GB",9,31838.699038,16.491459,48242.344424,18297.694772,37.928701,11260.899071,13.448423,61.674844,10.783992429391
"269","GSK-GB","GSK",2010,21.044281,567,6.3421,"GB",10,33126.165009,0.084602,49284.335403,17622.388458,35.756571,10371.534187,3.840549,17.298327,10.8053615692364
"270","GSK-GB","GSK",2011,19.552093,660,6.4938,"GB",11,31568.624538,-3.53973,49179.548502,17838.959402,36.273126,9615.631294,12.629936,62.190437,10.8032331352075
"271","GSK-GB","GSK",2012,14.008439,793,6.6771,"GB",12,32606.662199,-3.490707,51135.932627,22565.155852,44.127788,7163.345836,11.059294,65.958676,10.8422427115993
"272","GSK-GB","GSK",2013,16.625481,785,6.667,"GB",13,31206.121071,0.279974,50585.973168,21929.883583,43.351708,8410.161438,13.010854,84.891075,10.8314296067272
"273","GSK-GB","GSK",2014,10.486827,947,6.8544,"GB",14,28558.060555,-13.201283,52382.189169,24204.743828,46.207965,5493.229501,6.662074,48.952043,10.8663219111746
"274","GSK-GB","GSK",2015,9.568536,1010,6.9187,"GB",15,32959.654668,3.985917,72515.932059,22566.421846,31.119261,6938.713403,17.900677,179.631012,11.1915615692386
"275","GSK-GB","GSK",2016,1.902473,1117,7.0193,"GB",16,34018.008009,16.578188,69213.974154,22012.670306,31.803795,1316.777085,1.620944,29.240141,11.1449580598605
"276","GSK-GB","GSK",2017,-0.120608,1243,7.1261,"GB",17,34464.940405,8.236222,63515.489,19251.453353,30.309856,-76.604765,2.653687,290.151515,11.0590390763967
"277","GSK-GB","GSK",2018,7.508697,1125,7.0264,"GB",18,34835.23614,2.103624,64692.173889,29038.280926,44.886853,4857.53932,6.331315,168.825722,11.0773955131882
"278","GSK-GB","GSK",2019,14.311349,1139,7.0388,"GB",19,38473.391047,9.516239,94050.75836,36004.875471,38.282387,13459.931977,6.74371,58.928005,11.4515898980672
"279","HPHA-DE","HPHA",2012,52.811431,67,4.2195,"DE",15,16142,63.430191,37721,2978,7.894807,19921,-32.086786,-121.97688,10.5379722475307
"280","HPHA-DE","HPHA",2013,67.004303,58,4.0775,"DE",16,13317,-17.500929,22312,2754,12.343134,14950,-16.790765,-28.906541,10.0128799293073
"281","HPHA-DE","HPHA",2014,79.015303,53,3.989,"DE",17,3597,-72.98941,15030,77,0.512309,11876,-30.533983,-42.503541,9.61780348274702
"282","HPHA-DE","HPHA",2015,78.33416,87,4.4773,"DE",18,2284,-36.50264,12102,0,0,9480,-48.297214,-61.359805,9.40112600718227
"283","HPHA-DE","HPHA",2016,64.011077,116,4.7622,"DE",19,1362.137,-40.361778,15241.473,3730.028,24.472884,9756.231,-46.731694,-66.427088,9.63177547811329
"284","HPHA-DE","HPHA",2017,89.235997,98,4.5951,"DE",20,1900.153,39.497936,41489.833,0,0,37023.866,-38.674139,-46.901023,10.6332036882525
"285","HPHA-DE","HPHA",2018,82.989575,155,5.0499,"DE",21,3667.812,93.027191,31191.977,0,0,25886.089,-32.118022,-37.106941,10.3479161932936
"286","HPHA-DE","HPHA",2019,70.870642,240,5.4848,"DE",22,7309.379,99.284454,22990.366,0,0,16293.42,-37.459196,-48.118792,10.0428305375957
"287","IMM-GB","IMM",2007,74.406722,2,1.0986,"GB",8,92.397805,5.759673,5581.593803,706.701378,12.661283,4153.080978,-53.97242,-68.997645,8.62722964236929
"288","IMM-GB","IMM",2008,83.871578,5,1.7918,"GB",9,71.567194,-9.618828,13861.752588,833.343738,6.011821,11626.070655,53.452349,65.461594,9.5368887141005
"289","IMM-GB","IMM",2009,73.381155,1,0.6931,"GB",10,24532.921885,38167.886719,27736.374401,515.739048,1.859432,20353.272006,42.599056,55.268497,10.2304999860119
"290","IMM-GB","IMM",2010,90.987942,6,1.9459,"GB",11,0,-100.000008,20484.327364,942.085885,4.599057,18638.267803,-9.376764,-11.618541,9.92741535390367
"291","IMM-GB","IMM",2012,80.098508,5,1.7918,"GB",13,0,-100,12957.392841,1588.208708,12.257163,10378.678344,-31.014573,-36.743003,9.46942177999301
"292","IMM-GB","IMM",2015,52.610371,3,1.3863,"GB",16,105.268918,-58.657581,4359.514665,602.45101,13.819222,2293.556845,-75.786899,-105.397734,8.38011601478009
"293","IMM-GB","IMM",2016,82.655393,3,1.3863,"GB",17,200.997649,115.666107,7860.641389,424.735586,5.40332,6497.244069,-107.307597,-147.144415,8.96962348374796
"294","IMM-GB","IMM",2017,71.243983,4,1.6094,"GB",18,171.790362,-8.691372,5652.150776,292.551344,5.17593,4026.817339,-106.133664,-136.465611,8.63979142002327
"295","IMM-GB","IMM",2018,88.04867,3,1.3863,"GB",19,91.867325,-45.979053,9645.731696,134.596176,1.395396,8492.938459,-105.39728,-128.716681,9.1742707851892
"296","IMM-GB","IMM",2019,90.831588,5,1.7918,"GB",20,88.820258,-4.128881,6846.309132,31.602811,0.461604,6218.611312,-84.70377,-94.996429,8.83146497319775
"297","IPH-FR","IPH",2006,81.393401,24,3.2189,"FR",7,6195,376.538452,69255,3308,4.77655,56369,-12.852448,-15.809718,11.1455506236092
"298","IPH-FR","IPH",2007,78.548921,37,3.6376,"FR",8,8688,40.24213,63153,3647,5.774864,49606,-13.470485,-16.830385,11.0533156325885
"299","IPH-FR","IPH",2008,67.925799,40,3.7136,"FR",9,7364,-15.23941,60862,8442,13.870724,41341,-15.888401,-21.665366,11.0163642852179
"300","IPH-FR","IPH",2009,73.377038,45,3.8286,"FR",10,3243,-55.961433,64219,8277,12.888709,47122,-23.386446,-33.066932,11.0700543960492
"301","IPH-FR","IPH",2010,69.810456,55,4.0254,"FR",11,211,-93.493675,48010,7487,15.594668,33516,-24.33952,-33.874848,10.779164601525
"302","IPH-FR","IPH",2011,44.294532,79,4.382,"FR",12,7454,3432.701416,60109,6770,11.262872,26625,-12.911699,-23.212118,11.0039148597278
"303","IPH-FR","IPH",2012,48.377679,89,4.4998,"FR",13,10377,39.213844,48295,4505,9.328088,23364,-5.901996,-12.798816,10.7850833146134
"304","IPH-FR","IPH",2013,72.091192,78,4.3694,"FR",14,12469,20.159969,55882,4819,8.623528,40286,-5.552089,-9.087196,10.9309976037111
"305","IPH-FR","IPH",2014,82.286911,104,4.654,"FR",15,907,-92.72596,90690,4206,4.637777,74626,-26.808667,-34.194862,11.4152023764416
"306","IPH-FR","IPH",2015,23.554694,136,4.92,"FR",16,17906,1874.200684,305956,3754,1.226974,72067,-3.381353,-9.142904,12.631196579746
"307","IPH-FR","IPH",2016,30.602286,165,5.112,"FR",17,56159,213.632309,281577,3902,1.385767,86169,4.302737,15.976137,12.548161223794
"308","IPH-FR","IPH",2017,33.705195,277,5.6276,"FR",18,32631,-41.895332,255023,4741,1.859048,85956,-18.033917,-56.22077,12.4491090161516
"309","IPH-FR","IPH",2018,37.064289,342,5.8377,"FR",19,79892,144.834671,451216,4522,1.002181,167240,0.863447,2.408411,13.0197014395302
"310","IPH-FR","IPH",2019,54.169553,496,6.2086,"FR",20,68974,-13.665949,401362,18723,4.664866,217416,-4.869701,-10.79354,12.9026190422033
"311","LUN-DK","LUN",2006,59.591786,183,5.2149,"DK",91,1236.197172,1.667073,1522.833178,201.288875,13.218052,907.483494,9.633594,15.528355,7.32832781176772
"312","LUN-DK","LUN",2007,59.070318,166,5.118,"DK",92,1474.364023,19.129166,1631.228364,254.756637,15.617472,963.571784,15.04984,25.369721,7.39708860753477
"313","LUN-DK","LUN",2008,60.932133,199,5.2983,"DK",93,1513.169511,2.702796,1673.950439,258.852637,15.463578,1019.973702,12.261756,20.432029,7.42294164427901
"314","LUN-DK","LUN",2009,51.785399,176,5.1761,"DK",94,1846.156255,21.851126,2284.513282,467.008863,20.442379,1183.044322,13.625902,24.483223,7.73390827495009
"315","LUN-DK","LUN",2010,62.16186,143,4.9698,"DK",95,1982.625882,7.405252,2400.93109,249.325395,10.384529,1492.463424,14.13545,24.752823,7.78361189526794
"316","LUN-DK","LUN",2011,62.218759,178,5.1874,"DK",96,2148.467238,8.411784,2762.782185,258.329687,9.350346,1718.968793,11.877375,19.097832,7.9239934890255
"317","LUN-DK","LUN",2012,61.206697,219,5.3936,"DK",97,1988.520798,-7.527956,2890.11169,255.865288,8.853128,1768.941895,5.259282,8.523909,7.96905042741852
"318","LUN-DK","LUN",2013,57.004525,217,5.3845,"DK",98,2045.891432,3.080665,3169.954554,289.53029,9.133579,1807.017521,3.782182,6.409536,8.06147253049096
"319","LUN-DK","LUN",2014,52.759683,213,5.366,"DK",99,1806.721743,-11.73155,3442.897271,448.945102,13.039747,1816.461696,-0.620866,-1.13304,8.14406862583269
"320","LUN-DK","LUN",2015,40.392662,194,5.273,"DK",100,1939.191196,7.395308,2914.374823,505.181529,17.33413,1177.193564,-24.032415,-51.042087,7.97741060682915
"321","LUN-DK","LUN",2016,47.966353,210,5.3519,"DK",101,2097.993301,7.992257,2718.037142,251.899236,9.267689,1303.743298,5.772302,13.10677,7.90766525981272
"322","LUN-DK","LUN",2017,60.981227,264,5.5797,"DK",102,2316.849161,10.332907,2682.850131,0,0,1636.034916,13.059599,23.990857,7.89463499012525
"323","LUN-DK","LUN",2018,60.810753,199,5.2983,"DK",103,2430.698152,5.123593,3140.39973,0,0,1909.700727,18.000461,29.562651,8.05210537334779
"324","LUN-DK","LUN",2019,38.627316,213,5.366,"DK",104,2281.761923,-5.966772,5042.233239,1281.769467,25.42067,1947.67935,8.728094,18.517618,8.52560436590047
"325","MDG1-DE","MDG1",2006,87.413804,26,3.2958,"DE",12,30549,56.220917,124136,708,0.570342,108512,-7.544299,-8.598219,11.7291330177633
"326","MDG1-DE","MDG1",2007,89.701468,17,2.8904,"DE",13,22058,-27.794691,114929,194,0.1688,103093,-24.994039,-28.237518,11.6520698253765
"327","MDG1-DE","MDG1",2008,80.382929,24,3.2189,"DE",14,33507,51.904072,80746,169,0.209298,64906,-31.470551,-36.65498,11.2990637042543
"328","MDG1-DE","MDG1",2009,78.926708,39,3.6889,"DE",15,37859,12.988331,65723,9,0.013694,51873,-29.988598,-37.612927,11.0932042193139
"329","MDG1-DE","MDG1",2010,70.098452,27,3.3322,"DE",16,2214,-94.151985,58201,2,0.003436,40798,-43.860753,-58.652653,10.9716578157025
"330","MDG1-DE","MDG1",2011,89.942205,31,3.4657,"DE",17,2300,3.884372,53292,0,0,47932,-25.531648,-32.081596,10.8835415050801
"331","MDG1-DE","MDG1",2012,72.181863,20,3.0445,"DE",18,3384,47.130436,61255,0,0,44215,-25.975364,-32.289711,11.0228007577283
"332","MDG1-DE","MDG1",2013,68.893742,15,2.7726,"DE",19,4209,24.379433,52655,10356,19.667648,36276,-18.052849,-25.548198,10.8715164798147
"333","MDG1-DE","MDG1",2014,68.839695,17,2.8904,"DE",20,5195,23.425991,71283,10597,14.866097,49071,-9.290129,-13.490808,11.1744131488011
"334","MDG1-DE","MDG1",2015,79.262933,13,2.6391,"DE",21,3101,-40.307987,113531,11349,9.996389,89988,-14.067116,-18.695662,11.6398312063643
"335","MDG1-DE","MDG1",2016,70.350445,19,2.9957,"DE",22,4101,32.247662,111715,9966,8.920915,78592,-8.428119,-11.261122,11.6237062643136
"336","MDG1-DE","MDG1",2017,76.978122,21,3.091,"DE",23,7676,87.173859,111937,8251,7.371111,86167,-12.137607,-16.476186,11.6256914920148
"337","MDG1-DE","MDG1",2018,82.896057,20,3.0445,"DE",24,7576,-1.302762,129590,1512,1.166757,107425,-14.117676,-17.613331,11.7721308994295
"338","MDG1-DE","MDG1",2019,74.919196,23,3.1781,"DE",25,10511,38.740761,109215,5049,4.622991,81823,-16.718243,-21.096128,11.6010736954969
"339","MOR-DE","MOR",2006,79.162414,18,2.9444,"DE",14,53.031,58.362946,126.387,0.038,0.030066,100.051,5.838144,7.348576,4.83934862832226
"340","MOR-DE","MOR",2007,78.684386,20,3.0445,"DE",15,61.962,16.841099,184.963,0.329,0.177873,145.537,7.371126,9.344919,5.22015580507566
"341","MOR-DE","MOR",2008,79.681543,31,3.4657,"DE",16,71.645,15.627312,203.293,0.049,0.024103,161.987,6.775427,8.554129,5.31464828816743
"342","MOR-DE","MOR",2009,84.397184,57,4.0604,"DE",17,81.024,13.090941,206.091,0.033,0.016012,173.935,4.379263,5.336953,5.32831781882066
"343","MOR-DE","MOR",2010,87.470478,88,4.4886,"DE",18,87.036,7.420025,212.554,0.128,0.06022,185.922,4.393221,5.110919,5.35919607372911
"344","MOR-DE","MOR",2011,86.307955,67,4.2195,"DE",19,100.777,15.787717,228.41,0.074,0.032398,197.136,3.726381,4.28969,5.43114225966054
"345","MOR-DE","MOR",2012,90.066833,121,4.804,"DE",20,51.917,-48.483284,224.289,0.074,0.032993,202.01,1.045286,1.185531,5.41293539886126
"346","MOR-DE","MOR",2013,78.288369,128,4.8598,"DE",21,77.96,50.162754,449.805,0.299,0.066473,352.145,2.186935,2.660267,6.10881415551501
"347","MOR-DE","MOR",2014,81.429248,145,4.9836,"DE",22,63.978,-17.934835,428.351,0.252,0.05883,348.803,-0.686211,-0.859693,6.05994295294684
"348","MOR-DE","MOR",2015,90.666093,170,5.1417,"DE",23,106.223,66.03051,400.079,0.225,0.056239,362.736,3.597407,4.188386,5.99166202760742
"349","MOR-DE","MOR",2016,89.616048,192,5.2627,"DE",24,49.744,-53.170216,463.6,0.218,0.047023,415.46,-13.982741,-15.518713,6.1390221114656
"350","MOR-DE","MOR",2017,86.343906,184,5.2204,"DE",25,66.79084,34.269138,415.398211,0.087785,0.021133,358.671039,-15.887739,-18.039961,6.02923760474039
"351","MOR-DE","MOR",2018,90.646898,179,5.193,"DE",26,76.442505,14.450582,538.763757,0.071517,0.013274,488.372634,-11.774127,-13.263099,6.28927717612675
"352","MOR-DE","MOR",2019,79.506552,197,5.2883,"DE",27,71.755303,-6.13167,496.439302,42.569002,8.574865,394.701772,-19.902194,-23.330777,6.20746122424953
"353","MVIR B-SE","MVIR B",2006,64.969888,34,3.5553,"SE",18,7338.080894,-33.835709,31779.054093,761.897611,2.397484,20646.815726,-64.567065,-84.98895,10.366562675425
"354","MVIR B-SE","MVIR B",2007,83.679985,17,2.8904,"SE",19,26986.665209,267.552094,48559.702774,0,0,40634.752,-7.864007,-10.281859,10.7905493049156
"355","MVIR B-SE","MVIR B",2008,77.41464,23,3.1781,"SE",20,10070.466687,-61.071297,33797.298848,0,0,26164.057252,-23.893369,-29.542903,10.428136162538
"356","MVIR B-SE","MVIR B",2009,74.97807,42,3.7612,"SE",21,2415.09925,-73.569336,20030.733275,0,0,15018.657252,-46.946932,-61.330307,9.90502303682652
"357","MVIR B-SE","MVIR B",2010,83.702486,65,4.1897,"SE",22,6008.63677,123.04937,80439.946544,0,0,67330.234694,-28.84459,-35.271426,11.2952661793414
"358","MVIR B-SE","MVIR B",2011,80.748718,110,4.7095,"SE",23,77361.74812,1119.393188,152459.87226,18586.262284,12.190921,123109.392744,10.925709,13.36023,11.9346567076828
"359","MVIR B-SE","MVIR B",2012,80.816964,70,4.2627,"SE",24,63278.49662,-21.17767,126218.043812,10336.85723,8.189683,102005.590687,-17.962405,-22.236477,11.745766196777
"360","MVIR B-SE","MVIR B",2013,85.432127,81,4.4067,"SE",25,51581.031434,-18.974768,112764.704285,4519.763291,4.008137,96337.285622,1.539427,1.854044,11.6330586638062
"361","MVIR B-SE","MVIR B",2014,90.783144,91,4.5218,"SE",26,194033.237032,296.056213,230548.751297,4222.717285,1.831594,209299.40451,71.19955,79.905375,12.3482176214285
"362","MVIR B-SE","MVIR B",2015,89.72031,83,4.4308,"SE",27,70322.48092,-62.767792,176482.487387,0,0,158340.635174,3.951954,4.374965,12.0809769288293
"363","MVIR B-SE","MVIR B",2016,90.185235,59,4.0943,"SE",28,9823.96539,-85.857338,200532.933596,0,0,180851.097825,-16.669032,-18.526739,12.2087337695767
"364","MVIR B-SE","MVIR B",2017,83.427815,59,4.0943,"SE",29,3802.472725,-60.621433,62672.822348,0,0,52286.566084,-28.38962,-32.062555,11.0456831772773
"365","MVIR B-SE","MVIR B",2018,73.352697,43,3.7842,"SE",30,2324.763318,-34.869946,41376.626928,0,0,30350.87159,-67.659337,-85.269405,10.630471433429
"366","MVIR B-SE","MVIR B",2019,62.855157,40,3.7136,"SE",31,823.90228,-63.441311,27928.074119,4176.144606,14.953214,17554.234755,-34.634561,-50.172539,10.2373877027129
"367","N4P-GB","N4P",2006,63.951841,10,2.3979,"GB",27,2050.218724,30.167597,2095.700669,0,0,1340.239167,18.168989,79.783114,7.64764322465093
"368","N4P-GB","N4P",2007,68.786808,23,3.1781,"GB",28,2286.58946,11.874105,2311.848701,0,0,1590.246927,17.041801,25.591502,7.74580278690698
"369","N4P-GB","N4P",2008,72.048436,15,2.7726,"GB",29,2477.036807,26.406651,2050.013019,0,0,1477.002316,14.130435,20.030817,7.625601422844
"370","N4P-GB","N4P",2009,69.368894,32,3.4965,"GB",30,2095.419173,-5.563986,4262.371292,174.456707,4.09295,2956.759806,7.418963,10.554871,8.35758092571066
"371","N4P-GB","N4P",2010,74.054596,44,3.8067,"GB",31,2238.979665,2.785217,4660.013054,135.377289,2.905084,3450.953819,9.357326,13.037249,8.44677352840332
"372","N4P-GB","N4P",2011,70.419693,35,3.5835,"GB",32,3423.478836,54.768108,5933.150983,484.851927,8.171913,4178.106725,11.554364,16.038468,8.68831071393755
"373","N4P-GB","N4P",2012,74.360561,57,4.0604,"GB",33,3303.720683,-9.83165,5977.263445,172.610743,2.887789,4444.726633,2.774378,3.833686,8.69571812431268
"374","N4P-GB","N4P",2013,79.283418,62,4.1431,"GB",34,2662.027532,-15.571321,5233.363284,218.757951,4.180064,4149.189264,-3.390567,-4.421142,8.56280942570924
"375","N4P-GB","N4P",2014,56.354786,76,4.3438,"GB",35,1693.175458,-39.67271,2382.590041,378.843414,15.900487,1342.703528,-77.188457,-106.542056,7.77594342746901
"376","N4P-GB","N4P",2015,97.416413,78,4.3694,"GB",36,0,-100,892.779315,0,0,869.713588,-12.04627,-17.944147,6.79433942267585
"377","N4P-GB","N4P",2017,87.716145,80,4.3944,"GB",38,0,-100,1643.591281,0,0,1441.694917,-142.569186,-158.309239,7.40463893217649
"378","NOVN-CH","NOVN",2006,64.130723,1400,7.2449,"CH",10,28705.375913,12.438806,48614.112018,5535.206359,11.386007,31176.581533,11.353699,18.708911,10.7916691384799
"379","NOVN-CH","NOVN",2007,68.474647,1467,7.2917,"CH",11,27813.808813,1.184968,49167.260845,3962.928418,8.060096,33667.108306,9.799022,14.769732,10.8029832510039
"380","NOVN-CH","NOVN",2008,64.225597,1814,7.5038,"CH",12,28333.874734,-1.748261,56328.185007,5297.650729,9.404973,36177.11296,10.680756,16.103682,10.9389503106525
"381","NOVN-CH","NOVN",2009,60.087954,2037,7.6197,"CH",13,31836.387799,7.059673,66565.599011,9749.433003,14.646354,39997.906188,10.017194,16.161485,11.1059431917138
"382","NOVN-CH","NOVN",2010,51.246371,2408,7.787,"CH",14,38256.540834,9.790152,91922.032112,17134.657975,18.640426,47106.705764,9.554165,17.267087,11.428696019676
"383","NOVN-CH","NOVN",2011,56.039355,2409,7.7874,"CH",15,42111.815022,-1.586518,90510.339948,15582.944669,17.216756,50721.410291,7.187592,13.412496,11.4132193767306
"384","NOVN-CH","NOVN",2012,55.623269,2501,7.8248,"CH",16,44121.720876,2.40053,94217.229632,14962.074706,15.880402,52406.703219,7.977279,14.289093,11.4533583486377
"385","NOVN-CH","NOVN",2013,58.883679,2614,7.869,"CH",17,43627.004731,0.988996,91624.514472,13075.946123,14.271231,53951.884926,7.527787,13.150522,11.4254541400972
"386","NOVN-CH","NOVN",2014,56.26799,2501,7.8248,"CH",18,39518.411367,-10.635299,103934.543978,16824.923913,16.188,58481.878562,8.223811,14.300808,11.5515165951508
"387","NOVN-CH","NOVN",2015,58.410219,2296,7.7394,"CH",19,44583.887617,-0.792402,121425.931985,20188.71244,16.62636,70925.153374,5.25791,9.165141,11.7070597425808
"388","NOVN-CH","NOVN",2016,57.392225,2444,7.8018,"CH",20,43860.169821,0.406554,123618.869527,22566.485405,18.254887,70947.619352,4.9989,8.633635,11.7249584784295
"389","NOVN-CH","NOVN",2017,55.669144,2562,7.8489,"CH",21,43538.87373,1.125162,110951.032507,23671.718825,21.335285,61765.489597,5.779858,10.222689,11.6168442343742
"390","NOVN-CH","NOVN",2018,53.976079,2333,7.7553,"CH",22,43992.37951,5.082023,127407.596151,28071.555419,22.032874,68769.624733,9.028119,16.480669,11.7551466447619
"391","NOVN-CH","NOVN",2019,46.847897,2370,7.7711,"CH",23,42437.398275,-7.067739,105490.426557,25967.038697,24.615541,49420.046134,5.496834,10.818193,11.5663754842453
"392","NWRN-CH","NWRN",2007,81.571169,2,1.0986,"CH",8,4024.000181,252.82959,70367.993851,832.999927,1.183777,57399.994984,-14.2766,-17.836003,11.161493805971
"393","NWRN-CH","NWRN",2008,75.670631,1,0.6931,"CH",9,2634.999954,-36.843597,60539.995028,908.999925,1.501487,45810.996237,-25.163337,-31.849831,11.0110595004482
"394","NWRN-CH","NWRN",2009,70.260089,2,1.0986,"CH",10,945.999937,-65.792717,41677.997024,280.99998,0.674217,29282.997909,-46.825934,-63.742303,10.6377286192265
"395","NWRN-CH","NWRN",2010,63.720468,8,2.1972,"CH",11,626.000015,-39.540482,19132.000338,0,0,12191.000215,-66.093458,-96.577955,9.85911762246692
"396","NWRN-CH","NWRN",2011,48.540469,4,1.6094,"CH",12,4279.99979,511.259705,13565.999746,2156.99996,15.900044,6584.999877,-39.347921,-68.393661,9.51532192278275
"397","NWRN-CH","NWRN",2012,61.836182,13,2.6391,"CH",13,8906.999695,103.395515,44646.9984,1801.999935,4.036105,27607.99901,-8.136864,-13.856167,10.706542358961
"398","NWRN-CH","NWRN",2013,66.702511,15,2.7726,"CH",14,3213.000149,-63.157387,31617.999929,1444.999997,4.570182,21089.999953,-18.863059,-29.532671,10.3614818554106
"399","NWRN-CH","NWRN",2014,78.925932,19,2.9957,"CH",15,1299.999977,-60.083309,37073.998509,1086.999956,2.931974,29260.998823,-29.4221,-40.171189,10.5206711540722
"400","NWRN-CH","NWRN",2015,83.623254,17,2.8904,"CH",16,2275.000009,53.88792,44379.996607,725.999944,1.635872,37111.997163,-52.484568,-64.502922,10.7005441200332
"401","NWRN-CH","NWRN",2016,87.906204,20,3.0445,"CH",17,4736.999891,112.515999,56591.001143,364.000007,0.643212,49747.001005,-30.489495,-35.449333,10.9436052611446
"402","NWRN-CH","NWRN",2017,92.738004,11,2.4849,"CH",18,13285.00018,185.700211,73023.999909,0,0,67720.999916,-8.026457,-8.846343,11.1985434319756
"403","NWRN-CH","NWRN",2018,91.818319,3,1.3863,"CH",19,4024.999911,-68.491158,59730.997351,0,0,54843.997568,-22.726774,-24.613986,10.9976063832431
"404","NWRN-CH","NWRN",2019,61.037022,5,1.7918,"CH",20,7037.999979,68.452942,60288.00194,16887.000543,28.010549,36798.001184,-33.838426,-44.155921,11.0068883901149
"405","ORNBV-FI","ORNBV",2006,75.592296,1970,7.5863,"FI",89,641.1,-66.289833,586.7,9.8,1.67036,443.5,16.864249,28.786827,6.37451361593181
"406","ORNBV-FI","ORNBV",2007,75.877863,2004,7.6034,"FI",90,683.6,6.629231,589.5,4.1,0.695505,447.3,24.723686,32.644814,6.37927471997743
"407","ORNBV-FI","ORNBV",2008,60.172538,2087,7.644,"FI",91,711.3,4.052079,695.5,146.3,21.035226,418.5,21.214008,31.485331,6.5446310113635
"408","ORNBV-FI","ORNBV",2009,60.404346,2259,7.7231,"FI",92,772.2,8.561791,727.1,131.4,18.071792,439.2,21.284971,35.303719,6.58906401965601
"409","ORNBV-FI","ORNBV",2010,62.670957,2983,8.001,"FI",93,847.8,9.790207,745.8,110,14.749263,467.4,25.079775,40.745643,6.61445746774472
"410","ORNBV-FI","ORNBV",2011,64.163779,3171,8.0621,"FI",94,917.8,8.256664,779.1,88.7,11.384931,499.9,27.477212,43.316448,6.65813940733681
"411","ORNBV-FI","ORNBV",2012,61.082567,3679,8.2107,"FI",95,980.8,6.864241,836.9,136.7,16.33409,511.2,25.85396,41.321333,6.72970458903883
"412","ORNBV-FI","ORNBV",2013,52.492339,3490,8.1579,"FI",96,1009.8,2.95677,979,257.8,26.332993,513.9,22.710502,40.230221,6.88653164253051
"413","ORNBV-FI","ORNBV",2014,51.412881,3792,8.2409,"FI",97,1019.8,0.990295,1001.5,234.5,23.414878,514.9,21.338046,41.076983,6.90925415510587
"414","ORNBV-FI","ORNBV",2015,56.797785,3800,8.243,"FI",98,1014.4,-0.529512,1047.4,187.8,17.930113,594.9,20.3231,37.520274,6.95406618184539
"415","ORNBV-FI","ORNBV",2016,60.344341,3733,8.2252,"FI",99,1073.5,5.826102,1062.9,152.6,14.356948,641.4,23.59854,40.281485,6.96875630053954
"416","ORNBV-FI","ORNBV",2017,64.396021,4036,8.3033,"FI",100,1087.6,1.313458,1055.5,151.4,14.343913,679.7,21.336858,34.213913,6.96176986728838
"417","ORNBV-FI","ORNBV",2018,67.419552,4144,8.3297,"FI",101,978.3,-10.049649,1146.7,151.5,13.211825,773.1,17.927527,27.17511,7.04464353104426
"418","ORNBV-FI","ORNBV",2019,75.253452,4371,8.383,"FI",102,1049.4,7.267714,1035.7,10,0.965531,779.4,18.365103,25.816425,6.94283280559483
"419","ORX-SE","ORX",2006,85.37054,8,2.1972,"SE",11,14257.583781,111.630745,42104.622975,0,0,35944.943995,-8.770276,-9.933676,10.6479128230243
"420","ORX-SE","ORX",2007,83.710513,12,2.5649,"SE",12,8298.175494,-41.831367,84858.574273,52.3836,0.06173,71035.547646,-29.209049,-34.671887,11.3487413176842
"421","ORX-SE","ORX",2008,81.162779,6,1.9459,"SE",13,24182.177715,204.006149,63864.308908,0,0,51834.047965,-13.704919,-16.607751,11.06451593828
"422","ORX-SE","ORX",2009,84.49596,3,1.3863,"SE",14,22201.159992,1.181936,63385.166475,1249.480438,1.971251,53557.905213,-14.51561,-17.538473,11.0569851457794
"423","ORX-SE","ORX",2010,65.699862,6,1.9459,"SE",15,22078.132094,-10.844797,79020.726573,11520.074606,14.578548,51916.507924,-13.104899,-17.552596,11.2774654587219
"424","ORX-SE","ORX",2011,56.967667,3,1.3863,"SE",16,22105.982812,-5.171046,61365.128925,14063.162767,22.917189,34958.282394,-62.283364,-100.60051,11.0245970199827
"425","ORX-SE","ORX",2012,39.686978,2,1.0986,"SE",17,37496.197637,63.454468,56169.649942,14540.530381,25.88681,22292.036514,-16.707204,-34.188276,10.9361318533903
"426","ORX-SE","ORX",2013,20.905442,13,2.6391,"SE",18,49639.745176,31.591772,87268.719561,27239.93539,31.213859,18243.91153,-24.709011,-87.868812,11.3767473678943
"427","ORX-SE","ORX",2014,37.117889,25,3.2581,"SE",19,62626.456425,32.830875,129414.250046,52386.608368,40.479784,48035.837181,-5.663452,-18.357065,11.7707737789888
"428","ORX-SE","ORX",2015,26.218435,25,3.2581,"SE",20,68767.108479,12.803779,110972.499922,53977.43173,48.640367,29095.252362,-17.660145,-54.883421,11.6170377011493
"429","ORX-SE","ORX",2016,30.457401,13,2.6391,"SE",21,74532.605016,9.724592,106324.555698,41515.418391,39.045936,32383.696146,2.849977,10.056193,11.5742515413969
"430","ORX-SE","ORX",2017,32.78215,33,3.5264,"SE",22,66804.544153,-8.811446,102110.041457,32456.73297,31.786034,33473.866564,2.293964,7.256803,11.5338063485528
"431","ORX-SE","ORX",2018,37.001632,14,2.7081,"SE",23,76290.581844,21.656052,126956.127235,31632.963699,24.916453,46975.839105,12.040513,34.25236,11.7515968509149
"432","ORX-SE","ORX",2019,47.058824,6,1.9459,"SE",24,79783.659554,7.878942,142856.083787,32766.204549,22.936513,67226.39237,15.718488,37.057082,11.8695929953905
"433","OXB-GB","OXB",2006,84.669931,28,3.3673,"GB",11,1114.568119,-7.76699,52745.758051,0,0,44659.79683,-41.581052,-45.96688,10.87323863201
"434","OXB-GB","OXB",2007,52.208888,42,3.7612,"GB",12,10554.277055,849.868408,83272.844662,0,0,43475.826097,-31.62151,-49.301861,11.3298777805534
"435","OXB-GB","OXB",2008,53.965493,47,3.8712,"GB",13,23046.340432,154.799835,44601.746422,0,0,24069.552456,-19.257029,-36.378458,10.7055282946855
"436","OXB-GB","OXB",2009,47.728048,40,3.7136,"GB",14,10135.902813,-50.90247,49465.792429,0,0,23609.057362,-8.073871,-15.888083,10.8090366476229
"437","OXB-GB","OXB",2010,45.252486,53,3.989,"GB",15,13012.683797,23.496843,29928.884239,0,0,13543.56411,-29.571515,-63.165649,10.3065793211342
"438","OXB-GB","OXB",2011,68.101169,46,3.8501,"GB",16,8896.434227,-30.798887,31240.027219,0,0,21274.823672,-48.824894,-85.99537,10.3494554752401
"439","OXB-GB","OXB",2012,80.428285,63,4.1589,"GB",17,9568.206728,0.492356,30111.944124,0,0,24218.520183,-34.561938,-46.667023,10.3126771867776
"440","OXB-GB","OXB",2013,65.215479,44,3.8067,"GB",18,6328.349397,-30.698814,16399.634508,0,0,10695.100253,-58.297213,-77.754809,9.70501432746639
"441","OXB-GB","OXB",2014,68.15264,34,3.5553,"GB",19,16904.445303,153.358139,43560.549675,1288.58304,2.958142,29687.664664,-36.506565,-54.238031,10.6819071957689
"442","OXB-GB","OXB",2015,21.010202,39,3.6889,"GB",20,21918.45279,16.823322,70351.824144,36979.787604,52.564078,14781.060582,-30.398338,-76.733563,11.1612639917586
"443","OXB-GB","OXB",2016,22.154122,30,3.434,"GB",21,33880.174637,74.592995,66708.114559,40287.052642,60.393032,14778.596908,-30.592042,-141.571313,11.1080818820603
"444","OXB-GB","OXB",2017,9.397266,44,3.8067,"GB",22,42918.475778,35.332661,73678.012301,41528.794922,56.365249,6923.718902,-14.740404,-96.12494,11.2074596931087
"445","OXB-GB","OXB",2018,30.908363,20,3.0445,"GB",23,75475.403101,77.648308,125226.472378,45849.154962,36.612989,38705.452641,8.482469,36.88703,11.7378791560165
"446","OXB-GB","OXB",2019,61.523819,58,4.0775,"GB",24,73016.692257,-4.070203,145076.941521,9900.51463,6.82432,89256.874652,-13.654134,-29.11272,11.8850195118471
"447","PHARM-NL","PHARM",2006,62.722422,2487,7.8192,"NL",18,0.147,-63.703705,79.466,11.752,14.788715,49.843,-32.434044,-47.074394,4.37532925722615
"448","PHARM-NL","PHARM",2007,30.26504,2375,7.7732,"NL",19,0.69,369.387756,114.624,60.464,52.74986,34.691,-36.696378,-84.254856,4.74165720643825
"449","PHARM-NL","PHARM",2008,18.679206,2518,7.8316,"NL",20,0.664,-3.768119,67.096,42.431,63.239239,12.533,-28.841074,-110.981704,4.20612442968211
"450","PHARM-NL","PHARM",2009,23.822987,2697,7.9003,"NL",21,1.096,65.060234,55.883,29.295,52.422025,13.313,-52.138983,-248.08481,4.0232602194187
"451","PHARM-NL","PHARM",2010,29.135379,3209,8.074,"NL",22,0.572,-47.810215,37.288,0.236,0.632911,10.864,-107.791051,-415.394797,3.61867155907044
"452","PHARM-NL","PHARM",2011,-4.810885,3457,8.1484,"NL",23,2.999,424.30072,24.694,3.433,13.902162,-1.188,-57.265012,-366.825134,3.20656029914555
"453","PHARM-NL","PHARM",2014,53.560788,4712,8.4581,"NL",26,21.186,209.555832,55.718,1.591,2.855451,29.843,-13.238299,-33.093277,4.02030325451292
"454","PHARM-NL","PHARM",2015,41.3319,4632,8.441,"NL",27,10.828,-48.890778,57.677,15.865,27.506632,23.839,-17.561621,-37.096233,4.05485848052837
"455","PHARM-NL","PHARM",2016,21.664576,4771,8.4705,"NL",28,15.873,46.592167,126.783,67.393,53.15618,27.467,-19.013336,-68.358477,4.84247696361439
"456","PHARM-NL","PHARM",2017,11.313557,5341,8.5834,"NL",29,89.62,464.606567,166.19,81.299,48.919309,18.802,-54.583187,-345.618016,5.11313171213943
"457","PHARM-NL","PHARM",2018,28.779087,5246,8.5654,"NL",30,135.13,50.781075,214.569,72.929,33.9886,61.751,13.127989,62.053555,5.36863136496237
"458","PHARM-NL","PHARM",2019,45.403443,5616,8.6336,"NL",31,169.022,25.081032,230.553,51.899,22.510659,104.679,16.262957,43.495764,5.4404807709298
"459","PHO-NO","PHO",2006,87.084435,225,5.4205,"NO",13,26131.768424,292.088135,45725.429767,36.539128,0.07991,39819.732358,35.367793,45.328716,10.7304098721651
"460","PHO-NO","PHO",2007,86.100918,201,5.3083,"NO",14,12345.56306,-52.926018,37965.09946,0,0,32688.299054,-21.922322,-25.300884,10.5444225814253
"461","PHO-NO","PHO",2008,83.959369,217,5.3845,"NO",15,12372.378421,3.246268,24436.393069,0,0,20516.641346,-23.878792,-28.041124,10.1038288192926
"462","PHO-NO","PHO",2009,91.008445,216,5.3799,"NO",16,5539.198707,-52.623753,55121.554615,0,0,50165.269474,-22.023929,-24.859093,10.9172961094807
"463","PHO-NO","PHO",2010,89.298656,270,5.6021,"NO",17,22159.684013,266.22821,65896.110932,0,0,58844.341423,3.727604,4.137031,11.0958347040602
"464","PHO-NO","PHO",2011,86.282731,328,5.7961,"NO",18,14823.463084,-34.838772,65723.982239,0,0,56708.447032,-1.468586,-1.672695,11.0932191643355
"465","PHO-NO","PHO",2012,87.826171,346,5.8493,"NO",19,17900.446351,15.795895,59011.132452,0,0,51827.218277,-6.394236,-7.35037,10.9854813907161
"466","PHO-NO","PHO",2013,89.194501,406,6.0088,"NO",20,10710.100086,-37.517467,36092.422254,0,0,32192.455918,-15.965069,-18.062462,10.4938382124253
"467","PHO-NO","PHO",2014,88.720115,460,6.1334,"NO",21,15417.679285,54.219288,29824.378619,0,0,26460.223013,-8.631761,-9.701855,10.3030814125161
"468","PHO-NO","PHO",2015,84.681808,362,5.8944,"NO",22,15049.812813,4.470656,25798.47055,0,0,21846.611372,-13.951184,-16.074896,10.1580704881448
"469","PHO-NO","PHO",2016,88.137876,440,6.089,"NO",23,15459.638695,6.613864,31484.952651,0,0,27750.168535,13.226599,15.285182,10.3572650170627
"470","PHO-NO","PHO",2017,82.888951,509,6.2344,"NO",24,16185.495594,5.07147,26787.348282,0,0,22203.75187,-12.641224,-14.763958,10.1956849760047
"471","PHO-NO","PHO",2018,76.273811,471,6.157,"NO",25,18902.747303,20.27619,23356.179764,0,0,17814.648402,-14.852669,-18.613566,10.0586168860684
"472","PHO-NO","PHO",2019,81.052411,638,6.4599,"NO",26,28578.659001,55.118725,26090.699976,704.397803,2.699804,21147.1413,13.031268,16.539025,10.1693342070541
"473","REC-IT","REC",2006,54.677445,29,3.4012,"IT",80,570.023,0.521105,670.847,122.666,18.285242,366.802,11.361558,21.411745,6.5085410930879
"474","REC-IT","REC",2007,53.2412,15,2.7726,"IT",81,621.124,8.964728,733.648,186.541,25.426499,390.603,12.084771,22.409411,6.59802934955421
"475","REC-IT","REC",2008,56.186901,29,3.4012,"IT",82,669.79,7.835144,793.297,175.959,22.180722,445.729,13.153584,24.015343,6.67619767862931
"476","REC-IT","REC",2009,61.806069,20,3.0445,"IT",83,729.935,8.979683,823.479,113.518,13.785172,508.96,13.676601,23.161469,6.71353804838179
"477","REC-IT","REC",2010,63.921276,33,3.5264,"IT",84,728.134,-0.246738,901.074,116.877,12.970855,575.978,12.591205,20.014231,6.80358738520137
"478","REC-IT","REC",2011,60.814516,30,3.434,"IT",85,762.036,4.656016,977.464,162.689,16.643989,594.44,12.396236,19.89614,6.88496146253683
"479","REC-IT","REC",2012,60.847484,36,3.6109,"IT",86,828.317,8.697884,1086.888,193.245,17.779661,661.344,11.47905,18.870124,6.99107384593408
"480","REC-IT","REC",2013,54.661629,18,2.9444,"IT",87,941.63,13.679906,1283.811,311.092,24.231916,701.752,11.277518,19.613879,7.15758827715379
"481","REC-IT","REC",2014,57.252304,24,3.2189,"IT",88,987.356,4.856049,1375.225,323.035,23.489611,787.348,12.123717,21.648915,7.22637263307734
"482","REC-IT","REC",2015,59.222227,29,3.4012,"IT",89,1047.676,6.109246,1468.886,326.933,22.257207,869.907,13.979201,23.990514,7.29225956935043
"483","REC-IT","REC",2016,57.910239,24,3.2189,"IT",90,1153.942,10.143022,1560.743,349.761,22.409903,903.83,15.672282,26.769019,7.35291726890857
"484","REC-IT","REC",2017,49.945852,19,2.9957,"IT",91,1288.123,11.628057,2056.407,680.749,33.103807,1027.09,15.966272,29.909266,7.62871556418256
"485","REC-IT","REC",2018,44.530773,18,2.9444,"IT",92,1352.235,4.97716,2163.432,788.135,36.429848,963.393,14.805115,31.386955,7.67945112861864
"486","REC-IT","REC",2019,42.670234,17,2.8904,"IT",93,1481.848,9.585097,2808.93,1100.553,39.180506,1198.577,14.835002,34.119345,7.94055890689342
"487","RENE-GB","RENE",2006,62.803637,8,2.1972,"GB",9,13.195783,200,10562.253128,0,0,6633.479098,-128.744774,-348.78453,9.26504189889525
"488","RENE-GB","RENE",2007,79.273812,6,1.9459,"GB",10,72.281281,444.444458,14324.640466,0,0,11355.688549,-60.803932,-84.248075,9.56973644290846
"489","RENE-GB","RENE",2008,89.444516,9,2.3026,"GB",11,38.317986,-44.897961,9732.107212,67.732155,0.695966,8704.836197,-75.190207,-89.738513,9.18318572028334
"490","RENE-GB","RENE",2009,54.83871,0,0,"GB",12,111.15526,244.444443,6860.691184,2299.492089,33.516916,3762.31452,-51.96259,-70.35012,8.83356347132955
"491","RENE-GB","RENE",2010,91.493291,6,1.9459,"GB",13,35.007225,-66.666664,9106.332727,32.510606,0.357011,8331.68347,-80.812267,-107.1723,9.11672535454192
"492","RENE-GB","RENE",2011,89.135542,3,1.3863,"GB",14,34.146276,-6.451613,13942.085433,21.461527,0.153933,12427.353474,-60.080133,-66.702832,9.54266727377108
"493","RENE-GB","RENE",2012,77.403135,7,2.0794,"GB",15,46.389227,37.931034,8112.92759,10.79804,0.133097,6279.660309,-65.208061,-76.730722,9.00121406717343
"494","RENE-GB","RENE",2013,78.881389,8,2.1972,"GB",16,20.87454,-57.5,7357.51503,1.1825,0.016072,5803.710023,-97.735675,-125.12325,8.903477522919
"495","RENE-GB","RENE",2014,90.041046,7,2.0794,"GB",17,26.073655,29.411764,29174.669493,3.628841,0.012438,26269.177718,-46.577239,-53.077934,10.2810561286587
"496","RENE-GB","RENE",2015,81.655996,4,1.6094,"GB",18,38.296816,36.363636,22235.708417,2.764432,0.012432,18156.78907,-44.301845,-51.106074,10.0094547628825
"497","RENE-GB","RENE",2016,94.15645,8,2.1972,"GB",19,39.575096,-3.333333,90632.323785,1.261287,0.001392,85336.17828,-25.820977,-28.106047,11.414566203071
"498","RENE-GB","RENE",2017,90.310907,5,1.7918,"GB",20,54.634761,58.620689,68815.375814,0,0,62147.790217,-23.827046,-25.779911,11.1391824846208
"499","RENE-GB","RENE",2018,86.041109,9,2.3026,"GB",21,48.760116,-6.521739,48610.089353,0,0,41824.660155,-34.716884,-39.22027,10.7915863881987
"500","RENE-GB","RENE",2019,75.913379,7,2.0794,"GB",22,2202.017685,4416.279297,35797.466987,0,0,27175.066763,-38.908324,-47.571814,10.4856324153325
"501","RLM-GB","RLM",2006,68.89835,20,3.0445,"GB",0,12524.549158,22.220406,51412.764299,11146.037166,21.679513,35422.54644,-40.965039,-66.358379,10.8476417532792
"502","RLM-GB","RLM",2007,61.275036,15,2.7726,"GB",1,13575.191248,18.199598,30054.811499,6546.670294,21.782437,18416.096682,-38.028305,-57.705716,10.3107780435854
"503","RLM-GB","RLM",2008,57.173025,23,3.1781,"GB",2,22934.376646,80.596191,27490.956031,7111.617285,25.868934,15717.411301,-38.263017,-64.451632,10.2216123579645
"504","RLM-GB","RLM",2009,44.844874,15,2.7726,"GB",3,28621.622902,18.590742,24423.163115,5980.240853,24.485939,10952.536749,-29.680998,-57.884872,10.1032872689652
"505","RLM-GB","RLM",2010,17.725968,30,3.434,"GB",4,11586.024652,-61.475708,27244.167075,12708.168764,46.645466,4829.292234,-26.592724,-85.783675,10.2125947248854
"506","RLM-GB","RLM",2011,-0.946423,38,3.6636,"GB",5,30555.802744,177.172455,22371.354228,12586.67794,56.262477,-211.727717,-27.796728,-293.881968,10.0155365903362
"507","RLM-GB","RLM",2013,50.947428,49,3.912,"GB",7,41040.126279,15.432144,18916.574566,0,0,9637.508257,-24.843416,-107.133387,9.84779377790598
"508","RLM-GB","RLM",2014,89.810199,48,3.8918,"GB",8,12874.145827,-68.658058,25882.467369,183.036268,0.707182,23245.095413,-24.373992,-33.778855,10.1613210829035
"509","RLM-GB","RLM",2015,78.031144,50,3.9318,"GB",9,21101.266859,37.025497,22810.25022,0,0,17799.099283,-33.409302,-39.487485,10.0349652849684
"510","RLM-GB","RLM",2016,85.621088,50,3.9318,"GB",10,780.351758,-96.310951,21314.74914,0,0,18249.92009,-30.889445,-37.835392,9.96715455995342
"511","RLM-GB","RLM",2017,91.70833,70,4.2627,"GB",11,993.710108,29.843624,29236.156173,0,0,26811.990594,-36.553762,-40.919021,10.2831614473906
"512","RLM-GB","RLM",2018,97.752039,59,4.0943,"GB",12,214.740463,-77.397308,19102.7063,0,0,18673.28497,-47.861575,-50.902484,9.85758529509696
"513","ROG-CH","ROG",2006,54.421281,15,2.7726,"CH",110,26728.407531,18.388668,45027.071399,5120.906049,11.372949,24504.308893,11.218955,21.138692,10.7150191745162
"514","ROG-CH","ROG",2007,58.994874,26,3.2958,"CH",111,28086.199082,9.733356,46437.416224,4147.988705,8.932428,27395.695281,13.071747,23.02367,10.7458607973993
"515","ROG-CH","ROG",2008,58.456544,39,3.6889,"CH",112,28794.745346,-1.118505,51428.866698,2763.771845,5.37397,30063.538249,11.727632,19.969719,10.8479549027105
"516","ROG-CH","ROG",2009,9.878629,20,3.0445,"CH",113,32495.730249,7.527895,50273.9762,28598.148924,56.884597,4966.379785,10.333612,30.027968,10.8252428504355
"517","ROG-CH","ROG",2010,15.517863,45,3.8286,"CH",114,34422.59782,-3.21706,48798.091768,24037.578538,49.259259,7572.421025,12.783125,102.952183,10.7954464879619
"518","ROG-CH","ROG",2011,19.642393,38,3.6636,"CH",115,34494.212282,-10.410128,50725.756283,22121.26045,43.609523,9963.752472,15.241933,86.653682,10.8341890740555
"519","ROG-CH","ROG",2012,22.365558,60,4.1109,"CH",116,37756.242206,6.978439,53699.979407,20376.244019,37.944603,12010.300155,15.095624,71.751476,10.8911678970146
"520","ROG-CH","ROG",2013,31.035759,77,4.3567,"CH",117,38008.086383,2.815446,50728.700883,15212.816616,29.988579,15744.037107,17.584979,66.082633,10.8342471217763
"521","ROG-CH","ROG",2014,25.893365,94,4.5539,"CH",118,39087.680221,1.457888,62910.116783,21386.162835,33.994791,16289.545978,13.543481,48.004115,11.0494622689127
"522","ROG-CH","ROG",2015,27.690297,69,4.2485,"CH",119,45089.830582,1.439046,69674.40569,21382.463824,30.689123,19293.05013,11.707749,43.697769,11.1515883225685
"523","ROG-CH","ROG",2016,31.126414,70,4.2627,"CH",120,46408.997618,5.04933,71659.839745,20853.639301,29.100873,22305.138418,12.551939,42.66429,11.1796857545321
"524","ROG-CH","ROG",2017,34.484063,75,4.3307,"CH",121,48009.19398,5.383976,65524.984288,16202.64101,24.727424,22595.676738,11.248575,34.290594,11.0901867884052
"525","ROG-CH","ROG",2018,35.179643,75,4.3307,"CH",122,49235.358169,6.654909,69674.14433,16656.057785,23.905651,24511.114977,13.531538,38.843571,11.1515845713992
"526","ROG-CH","ROG",2019,39.411007,60,4.1109,"CH",123,55260.768998,8.127221,76442.572381,14335.224788,18.752934,30126.787712,16.703381,44.715003,11.2442950500774
"527","SANN-CH","SANN",2006,93.629075,5,1.7918,"CH",2,496.536388,-94.820534,100886.135747,879.680088,0.871953,94458.755669,-23.459533,-25.924975,11.5217477910235
"528","SANN-CH","SANN",2007,93.992717,25,3.2581,"CH",3,5616.874531,1081.30603,87101.117322,68.267219,0.078377,81868.706868,-18.18253,-19.384341,11.3748249907951
"529","SANN-CH","SANN",2008,92.498251,15,2.7726,"CH",4,30.298963,-99.479729,76341.339837,173.031448,0.226655,70614.404439,-34.735262,-37.215194,11.2429698770622
"530","SANN-CH","SANN",2009,88.184919,5,1.7918,"CH",5,1088.468834,3322.916748,63850.275869,1553.426422,2.43292,56306.31396,-24.968215,-27.579713,11.0642961820308
"531","SANN-CH","SANN",2010,88.397278,20,3.0445,"CH",6,2534.944115,112.781494,62989.683648,1817.732917,2.885763,55681.165774,-12.977685,-14.70037,11.0507262403459
"532","SANN-CH","SANN",2011,82.607526,23,3.1781,"CH",7,2648.035623,-6.607552,42865.142303,1846.115692,4.306799,35409.833508,-42.565749,-49.440996,10.665814240902
"533","SANN-CH","SANN",2012,64.150943,18,2.9444,"CH",8,2935.923535,8.361409,15151.672301,1828.807261,12.070003,9719.940721,-89.44382,-114.954125,9.62586618775006
"534","SANN-CH","SANN",2013,72.986853,2,1.0986,"CH",9,1071.668789,-62.719051,7944.643167,0,0,5798.545023,-41.076336,-61.106392,8.98025316506101
"535","SANN-CH","SANN",2014,75.127479,3,1.3863,"CH",10,2133.837163,96.436691,19083.203945,0,0,14336.729989,-46.1063,-61.896155,9.85656385255072
"536","SANN-CH","SANN",2015,90.69158,13,2.6391,"CH",11,4046.799417,66.769585,107737.232889,0,0,97708.598938,8.492687,9.635178,11.5874505126766
"537","SANN-CH","SANN",2016,81.891576,10,2.3979,"CH",12,17464.853916,340.476746,84694.413753,0,0,69357.590503,-34.062055,-39.219703,11.3468049251357
"538","SANN-CH","SANN",2017,29.382401,8,2.1972,"CH",13,20665.958789,20.543266,93814.658761,45387.049931,48.379486,27564.99939,-51.385039,-96.676578,11.4490763995541
"539","SANN-CH","SANN",2018,25.231654,1,0.6931,"CH",14,27418.705512,37.981083,97872.308859,48423.250786,49.475946,24694.801923,-49.243436,-180.364484,11.4914189372216
"540","SANN-CH","SANN",2019,18.467462,5,1.7918,"CH",15,67766.500569,138.102158,105845.330963,55193.651388,52.14557,19546.946545,-16.839069,-77.32089,11.5697341656515
"541","SAR-GB","SAR",2007,53.711354,0,0,"GB",8,3657.35599,67.413574,3777.860751,562.332083,14.884934,2029.140145,-24.427045,-41.182598,8.23691318952089
"542","SAR-GB","SAR",2008,76.16013,0,0,"GB",9,2051.782169,-39.186405,2322.675908,270.371409,11.640514,1768.952999,-77.244425,-122.35417,7.75047520861636
"543","SAR-GB","SAR",2009,86.346149,0,0,"GB",10,36.871589,-97.896851,444.045449,0,0,383.416146,-96.876008,-124.362998,6.09592691980614
"544","SAR-GB","SAR",2010,84.27995,0,0,"GB",11,0,-100,757.999593,0,0,638.84168,-113.954888,-133.966337,6.63068284870291
"545","SLN-GB","SLN",2006,93.76208,79,4.382,"GB",12,2855.788964,282.783691,24862.790147,0,0,23311.869241,-22.558934,-24.377366,10.1211275931595
"546","SLN-GB","SLN",2007,90.748674,159,5.0752,"GB",13,5916.731518,107.824783,26519.145648,0,0,24065.77314,-28.197523,-30.602246,10.1856222283963
"547","SLN-GB","SLN",2008,93.500047,133,4.8978,"GB",14,2767.338755,-45.42345,14871.987006,0,0,13905.314848,-43.918821,-47.780868,9.60723465567847
"548","SLN-GB","SLN",2009,80.870595,286,5.6595,"GB",15,1934.125769,-21.977194,12374.381948,0,0,10007.236289,-58.886472,-66.895472,9.42338364259371
"549","SLN-GB","SLN",2010,95.033259,435,6.0776,"GB",16,2760.370241,37.288464,39628.423071,0,0,37660.182005,-39.133162,-42.736135,10.5873018940983
"550","SLN-GB","SLN",2011,96.231865,524,6.2634,"GB",17,799.451469,-70.685081,40030.658418,0,0,38522.249357,-17.023942,-17.802265,10.5974008999653
"551","SLN-GB","SLN",2012,94.383602,661,6.4953,"GB",18,201.085314,-76.497902,21052.345982,0,0,19869.962392,-104.068523,-108.850213,9.95476728097666
"552","SLN-GB","SLN",2013,94.116041,743,6.612,"GB",19,137.751978,-28.22086,35217.626143,0,0,33145.435444,-38.822642,-41.206628,10.4693019789553
"553","SLN-GB","SLN",2014,93.238386,886,6.7878,"GB",20,18.619965,-87.179489,38362.405691,0,0,35768.488031,-37.541264,-40.076626,10.5548332405607
"554","SLN-GB","SLN",2015,98.183443,1045,6.9527,"GB",21,0,-100,83504.715761,0,0,81987.805009,-14.553857,-15.07059,11.3326583854239
"555","SLN-GB","SLN",2017,95.169706,1227,7.1131,"GB",23,18.26804,-97.922081,61967.622132,0,0,58974.403596,-2.920551,-3.037528,11.0343673039435
"556","SLN-GB","SLN",2018,90.150444,1346,7.2056,"GB",24,0,-100,43322.343224,0,0,39055.284601,-39.217399,-42.128025,10.6764237906955
"557","SPL-AU","SPL",2009,88.39394,7,2.0794,"AU",13,1086.12883,43.394886,16626.639982,168.877371,1.015704,14696.942244,-15.428037,-17.989626,9.71876150619274
"558","SPL-AU","SPL",2010,92.751617,1,0.6931,"AU",14,891.782003,-30.460625,25904.946683,110.330648,0.425906,24027.25696,-19.206794,-21.139155,10.1621892210727
"559","SPL-AU","SPL",2011,92.907706,3,1.3863,"AU",15,811.718298,-20.156694,22010.120759,48.735799,0.221424,20449.098339,-26.508742,-28.559093,9.99925766105702
"560","SPL-AU","SPL",2012,89.649517,5,1.7918,"AU",16,679.583476,-21.409456,43833.90238,113.082228,0.257979,39296.881858,-32.490039,-35.780153,10.6881628239008
"561","SPL-AU","SPL",2013,94.681771,10,2.3979,"AU",17,666.807117,-4.653802,34188.746479,70.419663,0.205973,32370.510776,-10.171371,-11.052748,10.4396518185801
"562","SPL-AU","SPL",2014,89.390158,6,1.9459,"AU",18,184.794147,-67.5,25411.531906,51.702699,0.203462,22715.408492,-34.269189,-37.088661,10.1429583620216
"563","SPL-AU","SPL",2015,84.622491,5,1.7918,"AU",19,559.803515,194.505493,30616.381213,33.111468,0.10815,25908.344312,-46.649025,-53.752003,10.3292904784586
"564","SPL-AU","SPL",2016,83.714155,11,2.4849,"AU",20,2509.110014,375.746277,39570.133081,12.064269,0.030488,33125.802561,-43.849471,-52.137224,10.585829897553
"565","SPL-AU","SPL",2017,91.579943,14,2.7081,"AU",21,2069.962075,-21.777779,44784.202809,47.076845,0.105119,41013.347511,-24.225105,-27.565032,10.7096107403489
"566","SPL-AU","SPL",2018,91.054673,3,1.3863,"AU",22,2477.146445,27.406418,37026.980441,31.008221,0.083745,33714.79614,-16.442583,-18.002643,10.5194021269965
"567","SPL-AU","SPL",2019,86.770094,12,2.5649,"AU",23,1035.028559,-56.689404,30107.837521,16.02169,0.053214,26124.598778,-26.551178,-29.797642,10.3125407996007
"568","T5O-DE","T5O",2006,63.595287,2,1.0986,"DE",6,115.4,63.913471,2923.583,0,0,1859.261,-23.713259,-42.896174,7.98056519784039
"569","T5O-DE","T5O",2007,57.723848,0,0,"DE",7,67.017,-41.926346,4216.616,0,0,2433.993,-14.15011,-23.533339,8.34678818960509
"570","T5O-DE","T5O",2008,60.876596,4,1.6094,"DE",8,57.983,-13.480157,3331.957,0,0,2028.382,-24.337421,-41.169288,8.1113150980414
"571","T5O-DE","T5O",2009,89.148381,5,1.7918,"DE",9,50,-13.767832,4003.246,0,0,3568.829,-18.483633,-24.222992,8.29486081101393
"572","T5O-DE","T5O",2010,43.175122,3,1.3863,"DE",10,50,0,5586.803,0,0,2412.109,-13.819116,-22.158063,8.6281624884115
"573","T5O-DE","T5O",2011,96.938398,4,1.6094,"DE",11,50,0,6269.63337,0.00683,0.000109,6077.68212,-13.874506,-19.376472,8.7434731582331
"574","T5O-DE","T5O",2012,98.097652,3,1.3863,"DE",12,50,0,6324.10307,0,0,6203.79661,-10.408474,-10.673111,8.75212349642552
"575","T5O-DE","T5O",2013,78.57356,3,1.3863,"DE",13,50,0,10309.16712,0,0,8100.27963,-13.648456,-15.870892,9.24078879004269
"576","T5O-DE","T5O",2014,96.463313,1,0.6931,"DE",14,300.49424,500.988495,8836.05545,50,0.565863,8523.55184,-10.813444,-12.453554,9.08659583998433
"577","T5O-DE","T5O",2015,99.148912,1,0.6931,"DE",15,0,-100,10959.27222,13,0.118621,10865.9992,-13.174711,-13.450426,9.30194115501254
"578","TNG-FR","TNG",2006,58.208864,2010,7.6064,"FR",27,3720,8.613139,32605,1377,4.223279,18979,-62.659272,-97.53193,10.3922209298273
"579","TNG-FR","TNG",2007,86.456661,2284,7.7341,"FR",28,2082,-44.032257,128314,832,0.648409,110936,-6.861837,-8.499403,11.7622356639024
"580","TNG-FR","TNG",2008,74.39813,2180,7.6875,"FR",29,3388,62.728146,126647,15570,12.294014,94223,-14.119807,-17.547366,11.749158967822
"581","TNG-FR","TNG",2009,69.490392,2288,7.7359,"FR",30,4894,44.451004,98664,14849,15.050069,68562,-24.274891,-33.598919,11.4994754172458
"582","TNG-FR","TNG",2010,82.08739,2749,7.9194,"FR",31,5648,15.40662,223686,13952,6.237315,183618,-21.23096,-27.138552,12.3179985617022
"583","TNG-FR","TNG",2011,73.051492,2866,7.961,"FR",32,5646,-0.035411,193584,13022,6.726796,141416,-20.910202,-26.843961,12.1734668057813
"584","TNG-FR","TNG",2012,62.056287,3231,8.0809,"FR",33,3928,-30.428621,160464,12067,7.520067,99578,-24.405165,-35.854005,11.985824897328
"585","TNG-FR","TNG",2013,44.991657,3385,8.1274,"FR",34,3849,-2.011202,125850,11306,8.983711,56622,-29.937761,-54.8758,11.7428460005635
"586","TNG-FR","TNG",2014,50.966634,3623,8.1953,"FR",35,2490,-35.307873,140953,10689,7.583379,71839,-36.398391,-75.596485,11.8561817804591
"587","TNG-FR","TNG",2015,26.318294,3742,8.2276,"FR",36,1465,-41.164658,100869,9649,9.565873,26547,-31.352813,-77.061777,11.5215779242494
"588","TNG-FR","TNG",2016,37.822692,3803,8.2438,"FR",37,2346,60.13652,122950,18823,15.309475,46503,-21.609425,-66.209446,11.7195330476443
"589","TNG-FR","TNG",2017,27.845905,4058,8.3087,"FR",38,2099,-10.52856,100873,18450,18.290325,28089,-28.838859,-86.534749,11.5216175788577
"590","TNG-FR","TNG",2018,33.812406,4155,8.3323,"FR",39,1335,-36.398285,108543,18810,17.329538,36701,7.665126,24.775428,11.5949016868153
"591","TNG-FR","TNG",2019,56.891849,4531,8.4189,"FR",40,6652,398.277161,115477,16297,14.112767,65697,-16.787787,-36.72728,11.656826654915
"592","VEC-GB","VEC",2006,59.280006,5,1.7918,"GB",9,12.332192,87.578056,40.173542,0.020067,0.04995,23.814878,-24.622368,-33.733995,3.69320861973915
"593","VEC-GB","VEC",2007,75.268524,18,2.9444,"GB",10,20.727026,67.055038,356.800243,0.604104,0.169312,268.558277,-5.053574,-6.865343,5.87717608175943
"594","VEC-GB","VEC",2008,83.947316,13,2.6391,"GB",11,35.798934,79.52459,253.318259,0,0,212.65388,-8.649072,-10.918456,5.53464663889447
"595","VEC-GB","VEC",2009,83.01179,19,2.9957,"GB",12,37.290797,23.686821,201.448462,0,0,167.225974,-8.595841,-10.294662,5.30553357695942
"596","VEC-GB","VEC",2010,84.832757,24,3.2189,"GB",13,45.283539,28.525633,194.391,0,0,164.907244,-5.666667,-6.754967,5.26987159465834
"597","VEC-GB","VEC",2011,83.711217,27,3.3322,"GB",14,50.51294,6.982551,189.313256,0,0,158.476431,-5.16129,-6.123869,5.24340308217664
"598","VEC-GB","VEC",2012,81.626682,26,3.2958,"GB",15,38.271112,-23.076925,205.042787,0,0,167.369624,-2.599705,-3.145104,5.3232186744332
"599","VEC-GB","VEC",2013,86.491677,16,2.8332,"GB",16,37.45138,-7.575758,184.706501,0,0,159.755751,-3.607459,-4.29716,5.21876808420353
"600","VEC-GB","VEC",2014,72.730189,21,3.091,"GB",17,43.258563,19.672131,377.036547,0,0,274.219394,-0.983116,-1.271421,5.93234212439404
"601","VEC-GB","VEC",2015,74.263722,19,2.9957,"GB",18,74.040512,58.90411,413.006134,0,0,306.713725,1.212121,1.649576,6.02346244515098
"602","VEC-GB","VEC",2017,80.514962,21,3.091,"GB",20,168.979367,-12.252746,809.419465,4.618817,0.570633,651.703772,-10.956277,-13.649757,6.69631728083063
"603","VEC-GB","VEC",2018,79.546186,32,3.4965,"GB",21,181.404088,8.445946,692.310765,4.456458,0.643708,550.706809,-13.165162,-16.442953,6.5400349371803
"604","VEC-GB","VEC",2019,79.027699,20,3.0445,"GB",22,203.229414,11.090343,626.320552,8.969354,1.432071,494.966723,-3.836473,-4.837474,6.43986230393788
"605","VLA-FR","VLA",2006,31.222356,3,1.3863,"FR",7,2.329,-22.650278,14.922,3.337,22.362954,4.659,-1.646174,-5.149942,2.70283663404932
"606","VLA-FR","VLA",2007,73.287187,3,1.3863,"FR",8,0.866,-62.816658,39.584,3.69,9.321948,29.01,-12.336257,-19.970893,3.67842499621008
"607","VLA-FR","VLA",2008,66.247825,5,1.7918,"FR",9,3.418,294.688232,41.384,4.632,11.192731,27.416,-5.901097,-8.467728,3.72289433270121
"608","VLA-FR","VLA",2009,49.025112,7,2.0794,"FR",10,3.096,-9.420715,45.954,6.385,13.894329,22.529,-14.069477,-24.603063,3.82764089615551
"609","VLA-FR","VLA",2010,55.708877,7,2.0794,"FR",11,4.841,56.363056,79.499,6.798,8.551051,44.288,-12.6932,-23.832258,4.37574444296482
"610","VLA-FR","VLA",2011,55.341187,9,2.3026,"FR",12,10.263,112.00164,73.083,6.796,9.299016,40.445,-5.792295,-10.430411,4.29159578157036
"611","VLA-FR","VLA",2012,48.808392,6,1.9459,"FR",13,3.431,-66.569221,53.667,6.714,12.510481,26.194,-20.487574,-38.968172,3.98279828747719
"612","VLA-FR","VLA",2013,56.64941,14,2.7081,"FR",14,30.445,787.350647,254.391,71.283,28.021038,144.111,-15.563952,-28.15302,5.53887245348168
"613","VLA-FR","VLA",2014,54.696572,18,2.9444,"FR",15,36.922,21.274433,227.517,73.153,32.152762,124.444,-10.903326,-19.565452,5.42722496087394
"614","VLA-FR","VLA",2015,52.449789,14,2.7081,"FR",16,78.36,112.231194,275.187,102.255,37.158369,144.335,-8.202441,-15.341228,5.61745086657133
"615","VLA-FR","VLA",2016,48.361151,22,3.1355,"FR",17,94.062,20.03828,206.883,82.503,39.879062,100.051,-20.405335,-40.251078,5.3321534160785
"616","VLA-FR","VLA",2017,48.942396,21,3.091,"FR",18,105.291,11.937875,189.343,71.496,37.760044,92.669,-5.795682,-11.915733,5.24356018508774
"617","VLA-FR","VLA",2018,59.703372,23,3.1781,"FR",19,113.035,7.354857,239.829,57.599,24.016695,143.186,1.521068,2.767802,5.47992616939323
"618","VLA-FR","VLA",2019,49.300183,18,2.9444,"FR",20,126.196,11.643292,274.143,85.216,31.084507,135.153,-0.678636,-1.253148,5.61364986805699
"619","VSC-DE","VSC",2006,78.752632,8,2.1972,"DE",9,3664,77.176018,9973,830,8.322471,7854,-52.222275,-65.126668,9.20763672040187
"620","VSC-DE","VSC",2007,88.909033,6,1.9459,"DE",10,1376,-62.445415,22063,860,3.897929,19616,-50.7554,-59.191846,10.0016572763084
"621","VSC-DE","VSC",2008,90.421959,23,3.1781,"DE",11,2969,115.770348,41094,902,2.194968,37158,-37.538198,-41.758551,10.623617404426
"622","VSC-DE","VSC",2009,94.445578,32,3.4965,"DE",12,1861,-37.318962,53903,0,0,50909,-33.910545,-36.578968,10.8949414139753
"623","VSC-DE","VSC",2010,89.862083,34,3.5553,"DE",13,989,-46.856529,34731,0,0,31210,-45.298644,-48.892461,10.4553879388738
"624","VSC-DE","VSC",2011,73.914819,30,3.434,"DE",14,780,-21.132458,31838,0,0,23533,-57.29694,-69.674662,10.3684158239151
"625","VSC-DE","VSC",2012,75.043864,49,3.912,"DE",15,4353,458.076935,29067,0,0,21813,-43.40202,-58.294006,10.2773587890531
"626","VSC-DE","VSC",2013,63.722112,45,3.8286,"DE",16,4904,12.657937,17705,0,0,11282,-45.005559,-63.604774,9.781602364546
"627","VSC-DE","VSC",2014,13.727066,38,3.6636,"DE",17,7055,43.862152,14934,6448,43.176644,2050,-59.413585,-145.454545,9.61139577159565
"628","VSC-DE","VSC",2015,78.908396,28,3.3673,"DE",18,3266,-53.706593,33492,1962,5.858115,26428,-38.111758,-64.807922,10.4190618833243
"629","VSC-DE","VSC",2016,80.152191,39,3.6889,"DE",19,2060,-36.925903,19055,0,0,15273,-43.218452,-54.459126,9.85508481330796
"630","VSC-DE","VSC",2017,93.279486,69,4.2485,"DE",20,4197,103.737862,47913,0,0,44693,-32.732051,-36.554047,10.7771421453244
"631","VSC-DE","VSC",2018,91.028922,73,4.3041,"DE",21,4173,-0.571837,31256,0,0,28452,-44.610896,-48.284914,10.3499666367349
"632","VSC-DE","VSC",2019,91.005231,79,4.382,"DE",22,2196,-47.375988,52953,1809,3.416237,48190,-33.160351,-36.434331,10.8771600066484
"633","ZEAL-DK","ZEAL",2006,89.805268,22,3.1355,"DK",9,413.316981,-91.773842,44419.310202,1452.016518,3.268886,39890.880637,-36.611602,-41.383592,10.7014295683319
"634","ZEAL-DK","ZEAL",2007,92.025227,22,3.1355,"DK",10,8042.437037,1843.593872,35320.460059,820.623216,2.323365,32503.733568,-18.503255,-20.380561,10.4722176800861
"635","ZEAL-DK","ZEAL",2008,92.625775,23,3.1781,"DK",11,7546.131206,-6.106373,30261.588867,0,0,28030.031129,-13.807274,-14.958791,10.3176344931351
"636","ZEAL-DK","ZEAL",2009,83.769647,42,3.7612,"DK",12,3400.220428,-54.998043,21324.901383,0,0,17863.794549,-39.774225,-44.707487,9.96763074787087
"637","ZEAL-DK","ZEAL",2010,90.358007,49,3.912,"DK",13,11730.189581,245.025482,60459.395403,0,0,54629.904658,-34.349702,-38.751037,11.0097272683331
"638","ZEAL-DK","ZEAL",2011,94.018075,73,4.3041,"DK",14,19097.426907,62.876472,63167.124916,0,0,59388.515055,2.907945,3.153075,11.0535392694171
"639","ZEAL-DK","ZEAL",2012,94.247797,87,4.4773,"DK",15,30034.025956,57.125889,69827.902355,0,0,65811.259629,7.344437,7.801701,11.1537889560791
"640","ZEAL-DK","ZEAL",2013,91.129765,102,4.6347,"DK",16,881.484485,-97.059471,46500.843343,0,0,42376.10904,-42.32673,-45.511896,10.7472257278196
"641","ZEAL-DK","ZEAL",2014,42.367065,123,4.8203,"DK",17,20628.528555,2239.108643,80140.796664,36550.819142,45.608255,33953.30309,-13.773897,-22.84483,11.2915403250441
"642","ZEAL-DK","ZEAL",2015,39.740944,131,4.8828,"DK",18,25161.890637,22.048084,85048.449473,41935.560955,49.307849,33799.056322,-18.507866,-45.126213,11.3509763668877
"643","ZEAL-DK","ZEAL",2016,40.049465,119,4.7875,"DK",19,31534.101878,25.096842,93420.052841,44683.266414,47.830487,37414.231802,-23.156305,-58.03271,11.4448612996843
"644","ZEAL-DK","ZEAL",2017,71.682143,152,5.0304,"DK",20,18790.622691,-40.465034,99018.726639,18230.487091,18.411151,70978.745574,-38.030288,-67.505597,11.5030642691983
"645","ZEAL-DK","ZEAL",2018,90.769534,170,5.1417,"DK",21,5095.248866,-72.829903,164798.556282,0,0,149586.880765,59.102355,70.683369,12.0124791359944
"646","ZEAL-DK","ZEAL",2019,77.690661,172,5.1533,"DK",22,5536.045172,8.836927,214053.895052,11476.774845,5.361629,166299.886044,-40.401426,-48.457155,12.2739831083335
